file,class,name,verdict,message,errors_in_stacktrace,errors_in_system_err,type,num,test_to_be_run,order
,tests.test_dispatcher,test_valid_titles,Passed,NO MESSAGE,,,,59,,same
,tests.test_dispatcher,test_large_titles,Passed,NO MESSAGE,,,,59,,same
,tests.test_dispatcher,test_content_size,Passed,NO MESSAGE,,,,59,,same
,tests.test_dispatcher,test_content_titles,Passed,NO MESSAGE,,,,59,,same
,tests.test_dispatcher,test_bad_content_params,Passed,NO MESSAGE,,,,59,,same
,tests.test_dispatcher,test_bad_content_titles,Passed,NO MESSAGE,,,,59,,same
,tests.test_dispatcher,test_valid_titles,Passed,NO MESSAGE,,,,101,,same
,tests.test_dispatcher,test_large_titles,Passed,NO MESSAGE,,,,101,,same
,tests.test_dispatcher,test_content_size,Passed,NO MESSAGE,,,,101,,same
,tests.test_dispatcher,test_content_titles,Passed,NO MESSAGE,,,,101,,same
,tests.test_dispatcher,test_bad_content_params,Passed,NO MESSAGE,,,,101,,same
,tests.test_dispatcher,test_bad_content_titles,Passed,NO MESSAGE,,,,101,,same
,tests.test_dispatcher,test_valid_titles,Passed,NO MESSAGE,,,,12,,same
,tests.test_dispatcher,test_large_titles,Passed,NO MESSAGE,,,,12,,same
,tests.test_dispatcher,test_content_size,Passed,NO MESSAGE,,,,12,,same
,tests.test_dispatcher,test_content_titles,Passed,NO MESSAGE,,,,12,,same
,tests.test_dispatcher,test_bad_content_params,Passed,NO MESSAGE,,,,12,,same
,tests.test_dispatcher,test_bad_content_titles,Passed,NO MESSAGE,,,,12,,same
,tests.test_dispatcher,test_valid_titles,Passed,NO MESSAGE,,,,62,,same
,tests.test_dispatcher,test_large_titles,Passed,NO MESSAGE,,,,62,,same
,tests.test_dispatcher,test_content_size,Passed,NO MESSAGE,,,,62,,same
,tests.test_dispatcher,test_content_titles,Passed,NO MESSAGE,,,,62,,same
,tests.test_dispatcher,test_bad_content_params,Passed,NO MESSAGE,,,,62,,same
,tests.test_dispatcher,test_bad_content_titles,Passed,NO MESSAGE,,,,62,,same
,tests.test_dispatcher,test_valid_titles,Passed,NO MESSAGE,,,,123,,same
,tests.test_dispatcher,test_large_titles,Passed,NO MESSAGE,,,,123,,same
,tests.test_dispatcher,test_content_size,Passed,NO MESSAGE,,,,123,,same
,tests.test_dispatcher,test_content_titles,Passed,NO MESSAGE,,,,123,,same
,tests.test_dispatcher,test_bad_content_params,Passed,NO MESSAGE,,,,123,,same
,tests.test_dispatcher,test_bad_content_titles,Passed,NO MESSAGE,,,,123,,same
,tests.test_dispatcher,test_valid_titles,Passed,NO MESSAGE,,,,41,,same
,tests.test_dispatcher,test_large_titles,Passed,NO MESSAGE,,,,41,,same
,tests.test_dispatcher,test_content_size,Passed,NO MESSAGE,,,,41,,same
,tests.test_dispatcher,test_content_titles,Passed,NO MESSAGE,,,,41,,same
,tests.test_dispatcher,test_bad_content_params,Passed,NO MESSAGE,,,,41,,same
,tests.test_dispatcher,test_bad_content_titles,Passed,NO MESSAGE,,,,41,,same
,tests.test_dispatcher,test_valid_titles,Passed,NO MESSAGE,,,,102,,same
,tests.test_dispatcher,test_large_titles,Passed,NO MESSAGE,,,,102,,same
,tests.test_dispatcher,test_content_size,Passed,NO MESSAGE,,,,102,,same
,tests.test_dispatcher,test_content_titles,Passed,NO MESSAGE,,,,102,,same
,tests.test_dispatcher,test_bad_content_params,Passed,NO MESSAGE,,,,102,,same
,tests.test_dispatcher,test_bad_content_titles,Passed,NO MESSAGE,,,,102,,same
,tests.test_dispatcher,test_valid_titles,Passed,NO MESSAGE,,,,66,,same
,tests.test_dispatcher,test_large_titles,Passed,NO MESSAGE,,,,66,,same
,tests.test_dispatcher,test_content_size,Passed,NO MESSAGE,,,,66,,same
,tests.test_dispatcher,test_content_titles,Passed,NO MESSAGE,,,,66,,same
,tests.test_dispatcher,test_bad_content_params,Passed,NO MESSAGE,,,,66,,same
,tests.test_dispatcher,test_bad_content_titles,Passed,NO MESSAGE,,,,66,,same
,tests.test_dispatcher,test_valid_titles,Passed,NO MESSAGE,,,,50,,same
,tests.test_dispatcher,test_large_titles,Passed,NO MESSAGE,,,,50,,same
,tests.test_dispatcher,test_content_size,Passed,NO MESSAGE,,,,50,,same
,tests.test_dispatcher,test_content_titles,Passed,NO MESSAGE,,,,50,,same
,tests.test_dispatcher,test_bad_content_params,Passed,NO MESSAGE,,,,50,,same
,tests.test_dispatcher,test_bad_content_titles,Passed,NO MESSAGE,,,,50,,same
,tests.test_dispatcher,test_valid_titles,Passed,NO MESSAGE,,,,119,,same
,tests.test_dispatcher,test_large_titles,Passed,NO MESSAGE,,,,119,,same
,tests.test_dispatcher,test_content_size,Passed,NO MESSAGE,,,,119,,same
,tests.test_dispatcher,test_content_titles,Passed,NO MESSAGE,,,,119,,same
,tests.test_dispatcher,test_bad_content_params,Passed,NO MESSAGE,,,,119,,same
,tests.test_dispatcher,test_bad_content_titles,Passed,NO MESSAGE,,,,119,,same
,tests.test_dispatcher,test_valid_titles,Passed,NO MESSAGE,,,,58,,same
,tests.test_dispatcher,test_large_titles,Passed,NO MESSAGE,,,,58,,same
,tests.test_dispatcher,test_content_size,Passed,NO MESSAGE,,,,58,,same
,tests.test_dispatcher,test_content_titles,Passed,NO MESSAGE,,,,58,,same
,tests.test_dispatcher,test_bad_content_params,Passed,NO MESSAGE,,,,58,,same
,tests.test_dispatcher,test_bad_content_titles,Passed,NO MESSAGE,,,,58,,same
,tests.test_dispatcher,test_valid_titles,Passed,NO MESSAGE,,,,94,,same
,tests.test_dispatcher,test_large_titles,Passed,NO MESSAGE,,,,94,,same
,tests.test_dispatcher,test_content_size,Passed,NO MESSAGE,,,,94,,same
,tests.test_dispatcher,test_content_titles,Passed,NO MESSAGE,,,,94,,same
,tests.test_dispatcher,test_bad_content_params,Passed,NO MESSAGE,,,,94,,same
,tests.test_dispatcher,test_bad_content_titles,Passed,NO MESSAGE,,,,94,,same
,tests.test_dispatcher,test_valid_titles,Passed,NO MESSAGE,,,,147,,same
,tests.test_dispatcher,test_large_titles,Passed,NO MESSAGE,,,,147,,same
,tests.test_dispatcher,test_content_size,Passed,NO MESSAGE,,,,147,,same
,tests.test_dispatcher,test_content_titles,Passed,NO MESSAGE,,,,147,,same
,tests.test_dispatcher,test_bad_content_params,Passed,NO MESSAGE,,,,147,,same
,tests.test_dispatcher,test_bad_content_titles,Passed,NO MESSAGE,,,,147,,same
,tests.test_dispatcher,test_valid_titles,Passed,NO MESSAGE,,,,32,,same
,tests.test_dispatcher,test_large_titles,Passed,NO MESSAGE,,,,32,,same
,tests.test_dispatcher,test_content_size,Passed,NO MESSAGE,,,,32,,same
,tests.test_dispatcher,test_content_titles,Passed,NO MESSAGE,,,,32,,same
,tests.test_dispatcher,test_bad_content_params,Passed,NO MESSAGE,,,,32,,same
,tests.test_dispatcher,test_bad_content_titles,Passed,NO MESSAGE,,,,32,,same
,tests.test_dispatcher,test_valid_titles,Passed,NO MESSAGE,,,,76,,same
,tests.test_dispatcher,test_large_titles,Passed,NO MESSAGE,,,,76,,same
,tests.test_dispatcher,test_content_size,Passed,NO MESSAGE,,,,76,,same
,tests.test_dispatcher,test_content_titles,Passed,NO MESSAGE,,,,76,,same
,tests.test_dispatcher,test_bad_content_params,Passed,NO MESSAGE,,,,76,,same
,tests.test_dispatcher,test_bad_content_titles,Passed,NO MESSAGE,,,,76,,same
,tests.test_dispatcher,test_valid_titles,Passed,NO MESSAGE,,,,40,,same
,tests.test_dispatcher,test_large_titles,Passed,NO MESSAGE,,,,40,,same
,tests.test_dispatcher,test_content_size,Passed,NO MESSAGE,,,,40,,same
,tests.test_dispatcher,test_content_titles,Passed,NO MESSAGE,,,,40,,same
,tests.test_dispatcher,test_bad_content_params,Passed,NO MESSAGE,,,,40,,same
,tests.test_dispatcher,test_bad_content_titles,Passed,NO MESSAGE,,,,40,,same
,tests.test_dispatcher,test_valid_titles,Passed,NO MESSAGE,,,,0,,same
,tests.test_dispatcher,test_large_titles,Passed,NO MESSAGE,,,,0,,same
,tests.test_dispatcher,test_content_size,Passed,NO MESSAGE,,,,0,,same
,tests.test_dispatcher,test_content_titles,Passed,NO MESSAGE,,,,0,,same
,tests.test_dispatcher,test_bad_content_params,Passed,NO MESSAGE,,,,0,,same
,tests.test_dispatcher,test_bad_content_titles,Passed,NO MESSAGE,,,,0,,same
,tests.test_dispatcher,test_valid_titles,Passed,NO MESSAGE,,,,67,,same
,tests.test_dispatcher,test_large_titles,Passed,NO MESSAGE,,,,67,,same
,tests.test_dispatcher,test_content_size,Passed,NO MESSAGE,,,,67,,same
,tests.test_dispatcher,test_content_titles,Passed,NO MESSAGE,,,,67,,same
,tests.test_dispatcher,test_bad_content_params,Passed,NO MESSAGE,,,,67,,same
,tests.test_dispatcher,test_bad_content_titles,Passed,NO MESSAGE,,,,67,,same
,tests.test_dispatcher,test_valid_titles,Passed,NO MESSAGE,,,,106,,same
,tests.test_dispatcher,test_large_titles,Passed,NO MESSAGE,,,,106,,same
,tests.test_dispatcher,test_content_size,Passed,NO MESSAGE,,,,106,,same
,tests.test_dispatcher,test_content_titles,Passed,NO MESSAGE,,,,106,,same
,tests.test_dispatcher,test_bad_content_params,Passed,NO MESSAGE,,,,106,,same
,tests.test_dispatcher,test_bad_content_titles,Passed,NO MESSAGE,,,,106,,same
,tests.test_dispatcher,test_valid_titles,Passed,NO MESSAGE,,,,137,,same
,tests.test_dispatcher,test_large_titles,Passed,NO MESSAGE,,,,137,,same
,tests.test_dispatcher,test_content_size,Passed,NO MESSAGE,,,,137,,same
,tests.test_dispatcher,test_content_titles,Passed,NO MESSAGE,,,,137,,same
,tests.test_dispatcher,test_bad_content_params,Passed,NO MESSAGE,,,,137,,same
,tests.test_dispatcher,test_bad_content_titles,Passed,NO MESSAGE,,,,137,,same
,tests.test_dispatcher,test_valid_titles,Passed,NO MESSAGE,,,,68,,same
,tests.test_dispatcher,test_large_titles,Passed,NO MESSAGE,,,,68,,same
,tests.test_dispatcher,test_content_size,Passed,NO MESSAGE,,,,68,,same
,tests.test_dispatcher,test_content_titles,Passed,NO MESSAGE,,,,68,,same
,tests.test_dispatcher,test_bad_content_params,Passed,NO MESSAGE,,,,68,,same
,tests.test_dispatcher,test_bad_content_titles,Passed,NO MESSAGE,,,,68,,same
,tests.test_dispatcher,test_valid_titles,Passed,NO MESSAGE,,,,141,,same
,tests.test_dispatcher,test_large_titles,Passed,NO MESSAGE,,,,141,,same
,tests.test_dispatcher,test_content_size,Passed,NO MESSAGE,,,,141,,same
,tests.test_dispatcher,test_content_titles,Passed,NO MESSAGE,,,,141,,same
,tests.test_dispatcher,test_bad_content_params,Passed,NO MESSAGE,,,,141,,same
,tests.test_dispatcher,test_bad_content_titles,Passed,NO MESSAGE,,,,141,,same
,tests.test_dispatcher,test_valid_titles,Passed,NO MESSAGE,,,,111,,same
,tests.test_dispatcher,test_large_titles,Passed,NO MESSAGE,,,,111,,same
,tests.test_dispatcher,test_content_size,Passed,NO MESSAGE,,,,111,,same
,tests.test_dispatcher,test_content_titles,Passed,NO MESSAGE,,,,111,,same
,tests.test_dispatcher,test_bad_content_params,Passed,NO MESSAGE,,,,111,,same
,tests.test_dispatcher,test_bad_content_titles,Passed,NO MESSAGE,,,,111,,same
,tests.test_dispatcher,test_valid_titles,Passed,NO MESSAGE,,,,38,,same
,tests.test_dispatcher,test_large_titles,Passed,NO MESSAGE,,,,38,,same
,tests.test_dispatcher,test_content_size,Passed,NO MESSAGE,,,,38,,same
,tests.test_dispatcher,test_content_titles,Passed,NO MESSAGE,,,,38,,same
,tests.test_dispatcher,test_bad_content_params,Passed,NO MESSAGE,,,,38,,same
,tests.test_dispatcher,test_bad_content_titles,Passed,NO MESSAGE,,,,38,,same
,tests.test_dispatcher,test_valid_titles,Passed,NO MESSAGE,,,,164,,same
,tests.test_dispatcher,test_large_titles,Passed,NO MESSAGE,,,,164,,same
,tests.test_dispatcher,test_content_size,Passed,NO MESSAGE,,,,164,,same
,tests.test_dispatcher,test_content_titles,Passed,NO MESSAGE,,,,164,,same
,tests.test_dispatcher,test_bad_content_params,Passed,NO MESSAGE,,,,164,,same
,tests.test_dispatcher,test_bad_content_titles,Passed,NO MESSAGE,,,,164,,same
,tests.test_dispatcher,test_valid_titles,Passed,NO MESSAGE,,,,77,,same
,tests.test_dispatcher,test_large_titles,Passed,NO MESSAGE,,,,77,,same
,tests.test_dispatcher,test_content_size,Passed,NO MESSAGE,,,,77,,same
,tests.test_dispatcher,test_content_titles,Passed,NO MESSAGE,,,,77,,same
,tests.test_dispatcher,test_bad_content_params,Passed,NO MESSAGE,,,,77,,same
,tests.test_dispatcher,test_bad_content_titles,Passed,NO MESSAGE,,,,77,,same
,tests.test_dispatcher,test_valid_titles,Passed,NO MESSAGE,,,,109,,same
,tests.test_dispatcher,test_large_titles,Passed,NO MESSAGE,,,,109,,same
,tests.test_dispatcher,test_content_size,Passed,NO MESSAGE,,,,109,,same
,tests.test_dispatcher,test_content_titles,Passed,NO MESSAGE,,,,109,,same
,tests.test_dispatcher,test_bad_content_params,Passed,NO MESSAGE,,,,109,,same
,tests.test_dispatcher,test_bad_content_titles,Passed,NO MESSAGE,,,,109,,same
,tests.test_dispatcher,test_valid_titles,Passed,NO MESSAGE,,,,78,,same
,tests.test_dispatcher,test_large_titles,Passed,NO MESSAGE,,,,78,,same
,tests.test_dispatcher,test_content_size,Passed,NO MESSAGE,,,,78,,same
,tests.test_dispatcher,test_content_titles,Passed,NO MESSAGE,,,,78,,same
,tests.test_dispatcher,test_bad_content_params,Passed,NO MESSAGE,,,,78,,same
,tests.test_dispatcher,test_bad_content_titles,Passed,NO MESSAGE,,,,78,,same
,tests.test_dispatcher,test_valid_titles,Passed,NO MESSAGE,,,,69,,same
,tests.test_dispatcher,test_large_titles,Passed,NO MESSAGE,,,,69,,same
,tests.test_dispatcher,test_content_size,Passed,NO MESSAGE,,,,69,,same
,tests.test_dispatcher,test_content_titles,Passed,NO MESSAGE,,,,69,,same
,tests.test_dispatcher,test_bad_content_params,Passed,NO MESSAGE,,,,69,,same
,tests.test_dispatcher,test_bad_content_titles,Passed,NO MESSAGE,,,,69,,same
,tests.test_dispatcher,test_valid_titles,Passed,NO MESSAGE,,,,114,,same
,tests.test_dispatcher,test_large_titles,Passed,NO MESSAGE,,,,114,,same
,tests.test_dispatcher,test_content_size,Passed,NO MESSAGE,,,,114,,same
,tests.test_dispatcher,test_content_titles,Passed,NO MESSAGE,,,,114,,same
,tests.test_dispatcher,test_bad_content_params,Passed,NO MESSAGE,,,,114,,same
,tests.test_dispatcher,test_bad_content_titles,Passed,NO MESSAGE,,,,114,,same
,tests.test_dispatcher,test_valid_titles,Passed,NO MESSAGE,,,,17,,same
,tests.test_dispatcher,test_large_titles,Passed,NO MESSAGE,,,,17,,same
,tests.test_dispatcher,test_content_size,Passed,NO MESSAGE,,,,17,,same
,tests.test_dispatcher,test_content_titles,Passed,NO MESSAGE,,,,17,,same
,tests.test_dispatcher,test_bad_content_params,Passed,NO MESSAGE,,,,17,,same
,tests.test_dispatcher,test_bad_content_titles,Passed,NO MESSAGE,,,,17,,same
,tests.test_dispatcher,test_valid_titles,Passed,NO MESSAGE,,,,105,,same
,tests.test_dispatcher,test_large_titles,Passed,NO MESSAGE,,,,105,,same
,tests.test_dispatcher,test_content_size,Passed,NO MESSAGE,,,,105,,same
,tests.test_dispatcher,test_content_titles,Passed,NO MESSAGE,,,,105,,same
,tests.test_dispatcher,test_bad_content_params,Passed,NO MESSAGE,,,,105,,same
,tests.test_dispatcher,test_bad_content_titles,Passed,NO MESSAGE,,,,105,,same
,tests.test_dispatcher,test_valid_titles,Passed,NO MESSAGE,,,,47,,same
,tests.test_dispatcher,test_large_titles,Passed,NO MESSAGE,,,,47,,same
,tests.test_dispatcher,test_content_size,Passed,NO MESSAGE,,,,47,,same
,tests.test_dispatcher,test_content_titles,Passed,NO MESSAGE,,,,47,,same
,tests.test_dispatcher,test_bad_content_params,Passed,NO MESSAGE,,,,47,,same
,tests.test_dispatcher,test_bad_content_titles,Passed,NO MESSAGE,,,,47,,same
,tests.test_dispatcher,test_valid_titles,Passed,NO MESSAGE,,,,75,,same
,tests.test_dispatcher,test_large_titles,Passed,NO MESSAGE,,,,75,,same
,tests.test_dispatcher,test_content_size,Passed,NO MESSAGE,,,,75,,same
,tests.test_dispatcher,test_content_titles,Passed,NO MESSAGE,,,,75,,same
,tests.test_dispatcher,test_bad_content_params,Passed,NO MESSAGE,,,,75,,same
,tests.test_dispatcher,test_bad_content_titles,Passed,NO MESSAGE,,,,75,,same
,tests.test_dispatcher,test_valid_titles,Passed,NO MESSAGE,,,,33,,same
,tests.test_dispatcher,test_large_titles,Passed,NO MESSAGE,,,,33,,same
,tests.test_dispatcher,test_content_size,Passed,NO MESSAGE,,,,33,,same
,tests.test_dispatcher,test_content_titles,Passed,NO MESSAGE,,,,33,,same
,tests.test_dispatcher,test_bad_content_params,Passed,NO MESSAGE,,,,33,,same
,tests.test_dispatcher,test_bad_content_titles,Passed,NO MESSAGE,,,,33,,same
,tests.test_dispatcher,test_valid_titles,Passed,NO MESSAGE,,,,91,,same
,tests.test_dispatcher,test_large_titles,Passed,NO MESSAGE,,,,91,,same
,tests.test_dispatcher,test_content_size,Passed,NO MESSAGE,,,,91,,same
,tests.test_dispatcher,test_content_titles,Passed,NO MESSAGE,,,,91,,same
,tests.test_dispatcher,test_bad_content_params,Passed,NO MESSAGE,,,,91,,same
,tests.test_dispatcher,test_bad_content_titles,Passed,NO MESSAGE,,,,91,,same
,tests.test_dispatcher,test_valid_titles,Passed,NO MESSAGE,,,,88,,same
,tests.test_dispatcher,test_large_titles,Passed,NO MESSAGE,,,,88,,same
,tests.test_dispatcher,test_content_size,Passed,NO MESSAGE,,,,88,,same
,tests.test_dispatcher,test_content_titles,Passed,NO MESSAGE,,,,88,,same
,tests.test_dispatcher,test_bad_content_params,Passed,NO MESSAGE,,,,88,,same
,tests.test_dispatcher,test_bad_content_titles,Passed,NO MESSAGE,,,,88,,same
,tests.test_dispatcher,test_valid_titles,Passed,NO MESSAGE,,,,1,,same
,tests.test_dispatcher,test_large_titles,Passed,NO MESSAGE,,,,1,,same
,tests.test_dispatcher,test_content_size,Passed,NO MESSAGE,,,,1,,same
,tests.test_dispatcher,test_content_titles,Passed,NO MESSAGE,,,,1,,same
,tests.test_dispatcher,test_bad_content_params,Passed,NO MESSAGE,,,,1,,same
,tests.test_dispatcher,test_bad_content_titles,Passed,NO MESSAGE,,,,1,,same
,tests.test_dispatcher,test_valid_titles,Passed,NO MESSAGE,,,,35,,same
,tests.test_dispatcher,test_large_titles,Passed,NO MESSAGE,,,,35,,same
,tests.test_dispatcher,test_content_size,Passed,NO MESSAGE,,,,35,,same
,tests.test_dispatcher,test_content_titles,Passed,NO MESSAGE,,,,35,,same
,tests.test_dispatcher,test_bad_content_params,Passed,NO MESSAGE,,,,35,,same
,tests.test_dispatcher,test_bad_content_titles,Passed,NO MESSAGE,,,,35,,same
,tests.test_dispatcher,test_valid_titles,Passed,NO MESSAGE,,,,99,,same
,tests.test_dispatcher,test_large_titles,Passed,NO MESSAGE,,,,99,,same
,tests.test_dispatcher,test_content_size,Passed,NO MESSAGE,,,,99,,same
,tests.test_dispatcher,test_content_titles,Passed,NO MESSAGE,,,,99,,same
,tests.test_dispatcher,test_bad_content_params,Passed,NO MESSAGE,,,,99,,same
,tests.test_dispatcher,test_bad_content_titles,Passed,NO MESSAGE,,,,99,,same
,tests.test_dispatcher,test_valid_titles,Passed,NO MESSAGE,,,,89,,same
,tests.test_dispatcher,test_large_titles,Passed,NO MESSAGE,,,,89,,same
,tests.test_dispatcher,test_content_size,Passed,NO MESSAGE,,,,89,,same
,tests.test_dispatcher,test_content_titles,Passed,NO MESSAGE,,,,89,,same
,tests.test_dispatcher,test_bad_content_params,Passed,NO MESSAGE,,,,89,,same
,tests.test_dispatcher,test_bad_content_titles,Passed,NO MESSAGE,,,,89,,same
,tests.test_dispatcher,test_valid_titles,Passed,NO MESSAGE,,,,143,,same
,tests.test_dispatcher,test_large_titles,Passed,NO MESSAGE,,,,143,,same
,tests.test_dispatcher,test_content_size,Passed,NO MESSAGE,,,,143,,same
,tests.test_dispatcher,test_content_titles,Passed,NO MESSAGE,,,,143,,same
,tests.test_dispatcher,test_bad_content_params,Passed,NO MESSAGE,,,,143,,same
,tests.test_dispatcher,test_bad_content_titles,Passed,NO MESSAGE,,,,143,,same
,tests.test_dispatcher,test_valid_titles,Passed,NO MESSAGE,,,,140,,same
,tests.test_dispatcher,test_large_titles,Passed,NO MESSAGE,,,,140,,same
,tests.test_dispatcher,test_content_size,Passed,NO MESSAGE,,,,140,,same
,tests.test_dispatcher,test_content_titles,Passed,NO MESSAGE,,,,140,,same
,tests.test_dispatcher,test_bad_content_params,Passed,NO MESSAGE,,,,140,,same
,tests.test_dispatcher,test_bad_content_titles,Passed,NO MESSAGE,,,,140,,same
,tests.test_dispatcher,test_valid_titles,Passed,NO MESSAGE,,,,138,,same
,tests.test_dispatcher,test_large_titles,Passed,NO MESSAGE,,,,138,,same
,tests.test_dispatcher,test_content_size,Passed,NO MESSAGE,,,,138,,same
,tests.test_dispatcher,test_content_titles,Passed,NO MESSAGE,,,,138,,same
,tests.test_dispatcher,test_bad_content_params,Passed,NO MESSAGE,,,,138,,same
,tests.test_dispatcher,test_bad_content_titles,Passed,NO MESSAGE,,,,138,,same
,tests.test_dispatcher,test_valid_titles,Passed,NO MESSAGE,,,,154,,same
,tests.test_dispatcher,test_large_titles,Passed,NO MESSAGE,,,,154,,same
,tests.test_dispatcher,test_content_size,Passed,NO MESSAGE,,,,154,,same
,tests.test_dispatcher,test_content_titles,Passed,NO MESSAGE,,,,154,,same
,tests.test_dispatcher,test_bad_content_params,Passed,NO MESSAGE,,,,154,,same
,tests.test_dispatcher,test_bad_content_titles,Passed,NO MESSAGE,,,,154,,same
,tests.test_dispatcher,test_valid_titles,Passed,NO MESSAGE,,,,161,,same
,tests.test_dispatcher,test_large_titles,Passed,NO MESSAGE,,,,161,,same
,tests.test_dispatcher,test_content_size,Passed,NO MESSAGE,,,,161,,same
,tests.test_dispatcher,test_content_titles,Passed,NO MESSAGE,,,,161,,same
,tests.test_dispatcher,test_bad_content_params,Passed,NO MESSAGE,,,,161,,same
,tests.test_dispatcher,test_bad_content_titles,Passed,NO MESSAGE,,,,161,,same
,tests.test_dispatcher,test_valid_titles,Passed,NO MESSAGE,,,,63,,same
,tests.test_dispatcher,test_large_titles,Passed,NO MESSAGE,,,,63,,same
,tests.test_dispatcher,test_content_size,Passed,NO MESSAGE,,,,63,,same
,tests.test_dispatcher,test_content_titles,Passed,NO MESSAGE,,,,63,,same
,tests.test_dispatcher,test_bad_content_params,Passed,NO MESSAGE,,,,63,,same
,tests.test_dispatcher,test_bad_content_titles,Passed,NO MESSAGE,,,,63,,same
,tests.test_dispatcher,test_valid_titles,Passed,NO MESSAGE,,,,110,,same
,tests.test_dispatcher,test_large_titles,Passed,NO MESSAGE,,,,110,,same
,tests.test_dispatcher,test_content_size,Passed,NO MESSAGE,,,,110,,same
,tests.test_dispatcher,test_content_titles,Passed,NO MESSAGE,,,,110,,same
,tests.test_dispatcher,test_bad_content_params,Passed,NO MESSAGE,,,,110,,same
,tests.test_dispatcher,test_bad_content_titles,Passed,NO MESSAGE,,,,110,,same
,tests.test_dispatcher,test_valid_titles,Passed,NO MESSAGE,,,,71,,same
,tests.test_dispatcher,test_large_titles,Passed,NO MESSAGE,,,,71,,same
,tests.test_dispatcher,test_content_size,Passed,NO MESSAGE,,,,71,,same
,tests.test_dispatcher,test_content_titles,Passed,NO MESSAGE,,,,71,,same
,tests.test_dispatcher,test_bad_content_params,Passed,NO MESSAGE,,,,71,,same
,tests.test_dispatcher,test_bad_content_titles,Passed,NO MESSAGE,,,,71,,same
,tests.test_dispatcher,test_valid_titles,Passed,NO MESSAGE,,,,18,,same
,tests.test_dispatcher,test_large_titles,Passed,NO MESSAGE,,,,18,,same
,tests.test_dispatcher,test_content_size,Passed,NO MESSAGE,,,,18,,same
,tests.test_dispatcher,test_content_titles,Passed,NO MESSAGE,,,,18,,same
,tests.test_dispatcher,test_bad_content_params,Passed,NO MESSAGE,,,,18,,same
,tests.test_dispatcher,test_bad_content_titles,Passed,NO MESSAGE,,,,18,,same
,tests.test_dispatcher,test_valid_titles,Passed,NO MESSAGE,,,,65,,same
,tests.test_dispatcher,test_large_titles,Passed,NO MESSAGE,,,,65,,same
,tests.test_dispatcher,test_content_size,Passed,NO MESSAGE,,,,65,,same
,tests.test_dispatcher,test_content_titles,Passed,NO MESSAGE,,,,65,,same
,tests.test_dispatcher,test_bad_content_params,Passed,NO MESSAGE,,,,65,,same
,tests.test_dispatcher,test_bad_content_titles,Passed,NO MESSAGE,,,,65,,same
,tests.test_dispatcher,test_valid_titles,Passed,NO MESSAGE,,,,125,,same
,tests.test_dispatcher,test_large_titles,Passed,NO MESSAGE,,,,125,,same
,tests.test_dispatcher,test_content_size,Passed,NO MESSAGE,,,,125,,same
,tests.test_dispatcher,test_content_titles,Passed,NO MESSAGE,,,,125,,same
,tests.test_dispatcher,test_bad_content_params,Passed,NO MESSAGE,,,,125,,same
,tests.test_dispatcher,test_bad_content_titles,Passed,NO MESSAGE,,,,125,,same
,tests.test_dispatcher,test_valid_titles,Passed,NO MESSAGE,,,,43,,same
,tests.test_dispatcher,test_large_titles,Passed,NO MESSAGE,,,,43,,same
,tests.test_dispatcher,test_content_size,Passed,NO MESSAGE,,,,43,,same
,tests.test_dispatcher,test_content_titles,Passed,NO MESSAGE,,,,43,,same
,tests.test_dispatcher,test_bad_content_params,Passed,NO MESSAGE,,,,43,,same
,tests.test_dispatcher,test_bad_content_titles,Passed,NO MESSAGE,,,,43,,same
,tests.test_dispatcher,test_valid_titles,Passed,NO MESSAGE,,,,142,,same
,tests.test_dispatcher,test_large_titles,Passed,NO MESSAGE,,,,142,,same
,tests.test_dispatcher,test_content_size,Passed,NO MESSAGE,,,,142,,same
,tests.test_dispatcher,test_content_titles,Passed,NO MESSAGE,,,,142,,same
,tests.test_dispatcher,test_bad_content_params,Passed,NO MESSAGE,,,,142,,same
,tests.test_dispatcher,test_bad_content_titles,Passed,NO MESSAGE,,,,142,,same
,tests.test_dispatcher,test_valid_titles,Passed,NO MESSAGE,,,,7,,same
,tests.test_dispatcher,test_large_titles,Passed,NO MESSAGE,,,,7,,same
,tests.test_dispatcher,test_content_size,Passed,NO MESSAGE,,,,7,,same
,tests.test_dispatcher,test_content_titles,Passed,NO MESSAGE,,,,7,,same
,tests.test_dispatcher,test_bad_content_params,Passed,NO MESSAGE,,,,7,,same
,tests.test_dispatcher,test_bad_content_titles,Passed,NO MESSAGE,,,,7,,same
,tests.test_dispatcher,test_valid_titles,Passed,NO MESSAGE,,,,70,,same
,tests.test_dispatcher,test_large_titles,Passed,NO MESSAGE,,,,70,,same
,tests.test_dispatcher,test_content_size,Passed,NO MESSAGE,,,,70,,same
,tests.test_dispatcher,test_content_titles,Passed,NO MESSAGE,,,,70,,same
,tests.test_dispatcher,test_bad_content_params,Passed,NO MESSAGE,,,,70,,same
,tests.test_dispatcher,test_bad_content_titles,Passed,NO MESSAGE,,,,70,,same
,tests.test_dispatcher,test_valid_titles,Passed,NO MESSAGE,,,,36,,same
,tests.test_dispatcher,test_large_titles,Passed,NO MESSAGE,,,,36,,same
,tests.test_dispatcher,test_content_size,Passed,NO MESSAGE,,,,36,,same
,tests.test_dispatcher,test_content_titles,Passed,NO MESSAGE,,,,36,,same
,tests.test_dispatcher,test_bad_content_params,Passed,NO MESSAGE,,,,36,,same
,tests.test_dispatcher,test_bad_content_titles,Passed,NO MESSAGE,,,,36,,same
,tests.test_dispatcher,test_valid_titles,Passed,NO MESSAGE,,,,64,,same
,tests.test_dispatcher,test_large_titles,Passed,NO MESSAGE,,,,64,,same
,tests.test_dispatcher,test_content_size,Passed,NO MESSAGE,,,,64,,same
,tests.test_dispatcher,test_content_titles,Passed,NO MESSAGE,,,,64,,same
,tests.test_dispatcher,test_bad_content_params,Passed,NO MESSAGE,,,,64,,same
,tests.test_dispatcher,test_bad_content_titles,Passed,NO MESSAGE,,,,64,,same
,tests.test_dispatcher,test_valid_titles,Passed,NO MESSAGE,,,,112,,same
,tests.test_dispatcher,test_large_titles,Passed,NO MESSAGE,,,,112,,same
,tests.test_dispatcher,test_content_size,Passed,NO MESSAGE,,,,112,,same
,tests.test_dispatcher,test_content_titles,Passed,NO MESSAGE,,,,112,,same
,tests.test_dispatcher,test_bad_content_params,Passed,NO MESSAGE,,,,112,,same
,tests.test_dispatcher,test_bad_content_titles,Passed,NO MESSAGE,,,,112,,same
,tests.test_dispatcher,test_valid_titles,Passed,NO MESSAGE,,,,117,,same
,tests.test_dispatcher,test_large_titles,Passed,NO MESSAGE,,,,117,,same
,tests.test_dispatcher,test_content_size,Passed,NO MESSAGE,,,,117,,same
,tests.test_dispatcher,test_content_titles,Passed,NO MESSAGE,,,,117,,same
,tests.test_dispatcher,test_bad_content_params,Passed,NO MESSAGE,,,,117,,same
,tests.test_dispatcher,test_bad_content_titles,Passed,NO MESSAGE,,,,117,,same
,tests.test_dispatcher,test_valid_titles,Passed,NO MESSAGE,,,,163,,same
,tests.test_dispatcher,test_large_titles,Passed,NO MESSAGE,,,,163,,same
,tests.test_dispatcher,test_content_size,Passed,NO MESSAGE,,,,163,,same
,tests.test_dispatcher,test_content_titles,Passed,NO MESSAGE,,,,163,,same
,tests.test_dispatcher,test_bad_content_params,Passed,NO MESSAGE,,,,163,,same
,tests.test_dispatcher,test_bad_content_titles,Passed,NO MESSAGE,,,,163,,same
,tests.test_dispatcher,test_valid_titles,Passed,NO MESSAGE,,,,132,,same
,tests.test_dispatcher,test_large_titles,Passed,NO MESSAGE,,,,132,,same
,tests.test_dispatcher,test_content_size,Passed,NO MESSAGE,,,,132,,same
,tests.test_dispatcher,test_content_titles,Passed,NO MESSAGE,,,,132,,same
,tests.test_dispatcher,test_bad_content_params,Passed,NO MESSAGE,,,,132,,same
,tests.test_dispatcher,test_bad_content_titles,Passed,NO MESSAGE,,,,132,,same
,tests.test_dispatcher,test_valid_titles,Passed,NO MESSAGE,,,,176,,same
,tests.test_dispatcher,test_large_titles,Passed,NO MESSAGE,,,,176,,same
,tests.test_dispatcher,test_content_size,Passed,NO MESSAGE,,,,176,,same
,tests.test_dispatcher,test_content_titles,Passed,NO MESSAGE,,,,176,,same
,tests.test_dispatcher,test_bad_content_params,Passed,NO MESSAGE,,,,176,,same
,tests.test_dispatcher,test_bad_content_titles,Passed,NO MESSAGE,,,,176,,same
,tests.test_dispatcher,test_valid_titles,Passed,NO MESSAGE,,,,129,,same
,tests.test_dispatcher,test_large_titles,Passed,NO MESSAGE,,,,129,,same
,tests.test_dispatcher,test_content_size,Passed,NO MESSAGE,,,,129,,same
,tests.test_dispatcher,test_content_titles,Passed,NO MESSAGE,,,,129,,same
,tests.test_dispatcher,test_bad_content_params,Passed,NO MESSAGE,,,,129,,same
,tests.test_dispatcher,test_bad_content_titles,Passed,NO MESSAGE,,,,129,,same
,tests.test_dispatcher,test_valid_titles,Passed,NO MESSAGE,,,,157,,same
,tests.test_dispatcher,test_large_titles,Passed,NO MESSAGE,,,,157,,same
,tests.test_dispatcher,test_content_size,Passed,NO MESSAGE,,,,157,,same
,tests.test_dispatcher,test_content_titles,Passed,NO MESSAGE,,,,157,,same
,tests.test_dispatcher,test_bad_content_params,Passed,NO MESSAGE,,,,157,,same
,tests.test_dispatcher,test_bad_content_titles,Passed,NO MESSAGE,,,,157,,same
,tests.test_dispatcher,test_valid_titles,Passed,NO MESSAGE,,,,107,,same
,tests.test_dispatcher,test_large_titles,Passed,NO MESSAGE,,,,107,,same
,tests.test_dispatcher,test_content_size,Passed,NO MESSAGE,,,,107,,same
,tests.test_dispatcher,test_content_titles,Passed,NO MESSAGE,,,,107,,same
,tests.test_dispatcher,test_bad_content_params,Passed,NO MESSAGE,,,,107,,same
,tests.test_dispatcher,test_bad_content_titles,Passed,NO MESSAGE,,,,107,,same
,tests.test_dispatcher,test_valid_titles,Passed,NO MESSAGE,,,,19,,same
,tests.test_dispatcher,test_large_titles,Passed,NO MESSAGE,,,,19,,same
,tests.test_dispatcher,test_content_size,Passed,NO MESSAGE,,,,19,,same
,tests.test_dispatcher,test_content_titles,Passed,NO MESSAGE,,,,19,,same
,tests.test_dispatcher,test_bad_content_params,Passed,NO MESSAGE,,,,19,,same
,tests.test_dispatcher,test_bad_content_titles,Passed,NO MESSAGE,,,,19,,same
,tests.test_dispatcher,test_valid_titles,Passed,NO MESSAGE,,,,121,,same
,tests.test_dispatcher,test_large_titles,Passed,NO MESSAGE,,,,121,,same
,tests.test_dispatcher,test_content_size,Failed,"assert 9 == 10
  +9
  -10",['tests/test_dispatcher.py:22: AssertionError'],,,121,,same
,tests.test_dispatcher,test_content_titles,Passed,NO MESSAGE,,,,121,,same
,tests.test_dispatcher,test_bad_content_params,Passed,NO MESSAGE,,,,121,,same
,tests.test_dispatcher,test_bad_content_titles,Passed,NO MESSAGE,,,,121,,same
,tests.test_dispatcher,test_valid_titles,Passed,NO MESSAGE,,,,15,,same
,tests.test_dispatcher,test_large_titles,Passed,NO MESSAGE,,,,15,,same
,tests.test_dispatcher,test_content_size,Passed,NO MESSAGE,,,,15,,same
,tests.test_dispatcher,test_content_titles,Passed,NO MESSAGE,,,,15,,same
,tests.test_dispatcher,test_bad_content_params,Passed,NO MESSAGE,,,,15,,same
,tests.test_dispatcher,test_bad_content_titles,Passed,NO MESSAGE,,,,15,,same
,tests.test_dispatcher,test_valid_titles,Passed,NO MESSAGE,,,,6,,same
,tests.test_dispatcher,test_large_titles,Passed,NO MESSAGE,,,,6,,same
,tests.test_dispatcher,test_content_size,Passed,NO MESSAGE,,,,6,,same
,tests.test_dispatcher,test_content_titles,Passed,NO MESSAGE,,,,6,,same
,tests.test_dispatcher,test_bad_content_params,Passed,NO MESSAGE,,,,6,,same
,tests.test_dispatcher,test_bad_content_titles,Passed,NO MESSAGE,,,,6,,same
,tests.test_dispatcher,test_valid_titles,Passed,NO MESSAGE,,,,20,,same
,tests.test_dispatcher,test_large_titles,Passed,NO MESSAGE,,,,20,,same
,tests.test_dispatcher,test_content_size,Passed,NO MESSAGE,,,,20,,same
,tests.test_dispatcher,test_content_titles,Passed,NO MESSAGE,,,,20,,same
,tests.test_dispatcher,test_bad_content_params,Passed,NO MESSAGE,,,,20,,same
,tests.test_dispatcher,test_bad_content_titles,Passed,NO MESSAGE,,,,20,,same
,tests.test_dispatcher,test_valid_titles,Passed,NO MESSAGE,,,,52,,same
,tests.test_dispatcher,test_large_titles,Passed,NO MESSAGE,,,,52,,same
,tests.test_dispatcher,test_content_size,Passed,NO MESSAGE,,,,52,,same
,tests.test_dispatcher,test_content_titles,Passed,NO MESSAGE,,,,52,,same
,tests.test_dispatcher,test_bad_content_params,Passed,NO MESSAGE,,,,52,,same
,tests.test_dispatcher,test_bad_content_titles,Passed,NO MESSAGE,,,,52,,same
,tests.test_dispatcher,test_valid_titles,Passed,NO MESSAGE,,,,96,,same
,tests.test_dispatcher,test_large_titles,Passed,NO MESSAGE,,,,96,,same
,tests.test_dispatcher,test_content_size,Passed,NO MESSAGE,,,,96,,same
,tests.test_dispatcher,test_content_titles,Passed,NO MESSAGE,,,,96,,same
,tests.test_dispatcher,test_bad_content_params,Passed,NO MESSAGE,,,,96,,same
,tests.test_dispatcher,test_bad_content_titles,Passed,NO MESSAGE,,,,96,,same
,tests.test_dispatcher,test_valid_titles,Passed,NO MESSAGE,,,,150,,same
,tests.test_dispatcher,test_large_titles,Passed,NO MESSAGE,,,,150,,same
,tests.test_dispatcher,test_content_size,Passed,NO MESSAGE,,,,150,,same
,tests.test_dispatcher,test_content_titles,Passed,NO MESSAGE,,,,150,,same
,tests.test_dispatcher,test_bad_content_params,Passed,NO MESSAGE,,,,150,,same
,tests.test_dispatcher,test_bad_content_titles,Passed,NO MESSAGE,,,,150,,same
,tests.test_dispatcher,test_valid_titles,Passed,NO MESSAGE,,,,139,,same
,tests.test_dispatcher,test_large_titles,Passed,NO MESSAGE,,,,139,,same
,tests.test_dispatcher,test_content_size,Passed,NO MESSAGE,,,,139,,same
,tests.test_dispatcher,test_content_titles,Passed,NO MESSAGE,,,,139,,same
,tests.test_dispatcher,test_bad_content_params,Passed,NO MESSAGE,,,,139,,same
,tests.test_dispatcher,test_bad_content_titles,Passed,NO MESSAGE,,,,139,,same
,tests.test_dispatcher,test_valid_titles,Passed,NO MESSAGE,,,,46,,same
,tests.test_dispatcher,test_large_titles,Passed,NO MESSAGE,,,,46,,same
,tests.test_dispatcher,test_content_size,Passed,NO MESSAGE,,,,46,,same
,tests.test_dispatcher,test_content_titles,Passed,NO MESSAGE,,,,46,,same
,tests.test_dispatcher,test_bad_content_params,Passed,NO MESSAGE,,,,46,,same
,tests.test_dispatcher,test_bad_content_titles,Passed,NO MESSAGE,,,,46,,same
,tests.test_dispatcher,test_valid_titles,Passed,NO MESSAGE,,,,37,,same
,tests.test_dispatcher,test_large_titles,Passed,NO MESSAGE,,,,37,,same
,tests.test_dispatcher,test_content_size,Passed,NO MESSAGE,,,,37,,same
,tests.test_dispatcher,test_content_titles,Passed,NO MESSAGE,,,,37,,same
,tests.test_dispatcher,test_bad_content_params,Passed,NO MESSAGE,,,,37,,same
,tests.test_dispatcher,test_bad_content_titles,Passed,NO MESSAGE,,,,37,,same
,tests.test_dispatcher,test_valid_titles,Passed,NO MESSAGE,,,,149,,same
,tests.test_dispatcher,test_large_titles,Passed,NO MESSAGE,,,,149,,same
,tests.test_dispatcher,test_content_size,Passed,NO MESSAGE,,,,149,,same
,tests.test_dispatcher,test_content_titles,Passed,NO MESSAGE,,,,149,,same
,tests.test_dispatcher,test_bad_content_params,Passed,NO MESSAGE,,,,149,,same
,tests.test_dispatcher,test_bad_content_titles,Passed,NO MESSAGE,,,,149,,same
,tests.test_dispatcher,test_valid_titles,Passed,NO MESSAGE,,,,8,,same
,tests.test_dispatcher,test_large_titles,Passed,NO MESSAGE,,,,8,,same
,tests.test_dispatcher,test_content_size,Passed,NO MESSAGE,,,,8,,same
,tests.test_dispatcher,test_content_titles,Passed,NO MESSAGE,,,,8,,same
,tests.test_dispatcher,test_bad_content_params,Passed,NO MESSAGE,,,,8,,same
,tests.test_dispatcher,test_bad_content_titles,Passed,NO MESSAGE,,,,8,,same
,tests.test_dispatcher,test_valid_titles,Passed,NO MESSAGE,,,,5,,same
,tests.test_dispatcher,test_large_titles,Passed,NO MESSAGE,,,,5,,same
,tests.test_dispatcher,test_content_size,Passed,NO MESSAGE,,,,5,,same
,tests.test_dispatcher,test_content_titles,Passed,NO MESSAGE,,,,5,,same
,tests.test_dispatcher,test_bad_content_params,Passed,NO MESSAGE,,,,5,,same
,tests.test_dispatcher,test_bad_content_titles,Passed,NO MESSAGE,,,,5,,same
,tests.test_dispatcher,test_valid_titles,Passed,NO MESSAGE,,,,146,,same
,tests.test_dispatcher,test_large_titles,Passed,NO MESSAGE,,,,146,,same
,tests.test_dispatcher,test_content_size,Passed,NO MESSAGE,,,,146,,same
,tests.test_dispatcher,test_content_titles,Passed,NO MESSAGE,,,,146,,same
,tests.test_dispatcher,test_bad_content_params,Passed,NO MESSAGE,,,,146,,same
,tests.test_dispatcher,test_bad_content_titles,Passed,NO MESSAGE,,,,146,,same
,tests.test_dispatcher,test_valid_titles,Passed,NO MESSAGE,,,,45,,same
,tests.test_dispatcher,test_large_titles,Passed,NO MESSAGE,,,,45,,same
,tests.test_dispatcher,test_content_size,Passed,NO MESSAGE,,,,45,,same
,tests.test_dispatcher,test_content_titles,Passed,NO MESSAGE,,,,45,,same
,tests.test_dispatcher,test_bad_content_params,Passed,NO MESSAGE,,,,45,,same
,tests.test_dispatcher,test_bad_content_titles,Passed,NO MESSAGE,,,,45,,same
,tests.test_dispatcher,test_valid_titles,Passed,NO MESSAGE,,,,153,,same
,tests.test_dispatcher,test_large_titles,Passed,NO MESSAGE,,,,153,,same
,tests.test_dispatcher,test_content_size,Passed,NO MESSAGE,,,,153,,same
,tests.test_dispatcher,test_content_titles,Passed,NO MESSAGE,,,,153,,same
,tests.test_dispatcher,test_bad_content_params,Passed,NO MESSAGE,,,,153,,same
,tests.test_dispatcher,test_bad_content_titles,Passed,NO MESSAGE,,,,153,,same
,tests.test_dispatcher,test_valid_titles,Passed,NO MESSAGE,,,,118,,same
,tests.test_dispatcher,test_large_titles,Passed,NO MESSAGE,,,,118,,same
,tests.test_dispatcher,test_content_size,Passed,NO MESSAGE,,,,118,,same
,tests.test_dispatcher,test_content_titles,Passed,NO MESSAGE,,,,118,,same
,tests.test_dispatcher,test_bad_content_params,Passed,NO MESSAGE,,,,118,,same
,tests.test_dispatcher,test_bad_content_titles,Passed,NO MESSAGE,,,,118,,same
,tests.test_dispatcher,test_valid_titles,Passed,NO MESSAGE,,,,128,,same
,tests.test_dispatcher,test_large_titles,Passed,NO MESSAGE,,,,128,,same
,tests.test_dispatcher,test_content_size,Passed,NO MESSAGE,,,,128,,same
,tests.test_dispatcher,test_content_titles,Passed,NO MESSAGE,,,,128,,same
,tests.test_dispatcher,test_bad_content_params,Passed,NO MESSAGE,,,,128,,same
,tests.test_dispatcher,test_bad_content_titles,Passed,NO MESSAGE,,,,128,,same
,tests.test_dispatcher,test_valid_titles,Passed,NO MESSAGE,,,,160,,same
,tests.test_dispatcher,test_large_titles,Passed,NO MESSAGE,,,,160,,same
,tests.test_dispatcher,test_content_size,Passed,NO MESSAGE,,,,160,,same
,tests.test_dispatcher,test_content_titles,Passed,NO MESSAGE,,,,160,,same
,tests.test_dispatcher,test_bad_content_params,Passed,NO MESSAGE,,,,160,,same
,tests.test_dispatcher,test_bad_content_titles,Passed,NO MESSAGE,,,,160,,same
,tests.test_dispatcher,test_valid_titles,Passed,NO MESSAGE,,,,72,,same
,tests.test_dispatcher,test_large_titles,Passed,NO MESSAGE,,,,72,,same
,tests.test_dispatcher,test_content_size,Passed,NO MESSAGE,,,,72,,same
,tests.test_dispatcher,test_content_titles,Passed,NO MESSAGE,,,,72,,same
,tests.test_dispatcher,test_bad_content_params,Passed,NO MESSAGE,,,,72,,same
,tests.test_dispatcher,test_bad_content_titles,Passed,NO MESSAGE,,,,72,,same
,tests.test_dispatcher,test_valid_titles,Passed,NO MESSAGE,,,,116,,same
,tests.test_dispatcher,test_large_titles,Passed,NO MESSAGE,,,,116,,same
,tests.test_dispatcher,test_content_size,Passed,NO MESSAGE,,,,116,,same
,tests.test_dispatcher,test_content_titles,Passed,NO MESSAGE,,,,116,,same
,tests.test_dispatcher,test_bad_content_params,Passed,NO MESSAGE,,,,116,,same
,tests.test_dispatcher,test_bad_content_titles,Passed,NO MESSAGE,,,,116,,same
,tests.test_dispatcher,test_valid_titles,Passed,NO MESSAGE,,,,61,,same
,tests.test_dispatcher,test_large_titles,Passed,NO MESSAGE,,,,61,,same
,tests.test_dispatcher,test_content_size,Passed,NO MESSAGE,,,,61,,same
,tests.test_dispatcher,test_content_titles,Passed,NO MESSAGE,,,,61,,same
,tests.test_dispatcher,test_bad_content_params,Passed,NO MESSAGE,,,,61,,same
,tests.test_dispatcher,test_bad_content_titles,Passed,NO MESSAGE,,,,61,,same
,tests.test_dispatcher,test_valid_titles,Passed,NO MESSAGE,,,,3,,same
,tests.test_dispatcher,test_large_titles,Passed,NO MESSAGE,,,,3,,same
,tests.test_dispatcher,test_content_size,Passed,NO MESSAGE,,,,3,,same
,tests.test_dispatcher,test_content_titles,Passed,NO MESSAGE,,,,3,,same
,tests.test_dispatcher,test_bad_content_params,Passed,NO MESSAGE,,,,3,,same
,tests.test_dispatcher,test_bad_content_titles,Passed,NO MESSAGE,,,,3,,same
,tests.test_dispatcher,test_valid_titles,Passed,NO MESSAGE,,,,95,,same
,tests.test_dispatcher,test_large_titles,Passed,NO MESSAGE,,,,95,,same
,tests.test_dispatcher,test_content_size,Passed,NO MESSAGE,,,,95,,same
,tests.test_dispatcher,test_content_titles,Passed,NO MESSAGE,,,,95,,same
,tests.test_dispatcher,test_bad_content_params,Passed,NO MESSAGE,,,,95,,same
,tests.test_dispatcher,test_bad_content_titles,Passed,NO MESSAGE,,,,95,,same
,tests.test_dispatcher,test_valid_titles,Passed,NO MESSAGE,,,,56,,same
,tests.test_dispatcher,test_large_titles,Passed,NO MESSAGE,,,,56,,same
,tests.test_dispatcher,test_content_size,Passed,NO MESSAGE,,,,56,,same
,tests.test_dispatcher,test_content_titles,Passed,NO MESSAGE,,,,56,,same
,tests.test_dispatcher,test_bad_content_params,Passed,NO MESSAGE,,,,56,,same
,tests.test_dispatcher,test_bad_content_titles,Passed,NO MESSAGE,,,,56,,same
,tests.test_dispatcher,test_valid_titles,Passed,NO MESSAGE,,,,29,,same
,tests.test_dispatcher,test_large_titles,Passed,NO MESSAGE,,,,29,,same
,tests.test_dispatcher,test_content_size,Passed,NO MESSAGE,,,,29,,same
,tests.test_dispatcher,test_content_titles,Passed,NO MESSAGE,,,,29,,same
,tests.test_dispatcher,test_bad_content_params,Passed,NO MESSAGE,,,,29,,same
,tests.test_dispatcher,test_bad_content_titles,Passed,NO MESSAGE,,,,29,,same
,tests.test_dispatcher,test_valid_titles,Passed,NO MESSAGE,,,,55,,same
,tests.test_dispatcher,test_large_titles,Passed,NO MESSAGE,,,,55,,same
,tests.test_dispatcher,test_content_size,Passed,NO MESSAGE,,,,55,,same
,tests.test_dispatcher,test_content_titles,Passed,NO MESSAGE,,,,55,,same
,tests.test_dispatcher,test_bad_content_params,Passed,NO MESSAGE,,,,55,,same
,tests.test_dispatcher,test_bad_content_titles,Passed,NO MESSAGE,,,,55,,same
,tests.test_dispatcher,test_valid_titles,Passed,NO MESSAGE,,,,24,,same
,tests.test_dispatcher,test_large_titles,Passed,NO MESSAGE,,,,24,,same
,tests.test_dispatcher,test_content_size,Passed,NO MESSAGE,,,,24,,same
,tests.test_dispatcher,test_content_titles,Passed,NO MESSAGE,,,,24,,same
,tests.test_dispatcher,test_bad_content_params,Passed,NO MESSAGE,,,,24,,same
,tests.test_dispatcher,test_bad_content_titles,Passed,NO MESSAGE,,,,24,,same
,tests.test_dispatcher,test_valid_titles,Passed,NO MESSAGE,,,,173,,same
,tests.test_dispatcher,test_large_titles,Passed,NO MESSAGE,,,,173,,same
,tests.test_dispatcher,test_content_size,Passed,NO MESSAGE,,,,173,,same
,tests.test_dispatcher,test_content_titles,Passed,NO MESSAGE,,,,173,,same
,tests.test_dispatcher,test_bad_content_params,Passed,NO MESSAGE,,,,173,,same
,tests.test_dispatcher,test_bad_content_titles,Passed,NO MESSAGE,,,,173,,same
,tests.test_dispatcher,test_valid_titles,Passed,NO MESSAGE,,,,172,,same
,tests.test_dispatcher,test_large_titles,Passed,NO MESSAGE,,,,172,,same
,tests.test_dispatcher,test_content_size,Passed,NO MESSAGE,,,,172,,same
,tests.test_dispatcher,test_content_titles,Passed,NO MESSAGE,,,,172,,same
,tests.test_dispatcher,test_bad_content_params,Passed,NO MESSAGE,,,,172,,same
,tests.test_dispatcher,test_bad_content_titles,Passed,NO MESSAGE,,,,172,,same
,tests.test_dispatcher,test_valid_titles,Passed,NO MESSAGE,,,,155,,same
,tests.test_dispatcher,test_large_titles,Passed,NO MESSAGE,,,,155,,same
,tests.test_dispatcher,test_content_size,Passed,NO MESSAGE,,,,155,,same
,tests.test_dispatcher,test_content_titles,Passed,NO MESSAGE,,,,155,,same
,tests.test_dispatcher,test_bad_content_params,Passed,NO MESSAGE,,,,155,,same
,tests.test_dispatcher,test_bad_content_titles,Passed,NO MESSAGE,,,,155,,same
,tests.test_dispatcher,test_valid_titles,Passed,NO MESSAGE,,,,79,,same
,tests.test_dispatcher,test_large_titles,Passed,NO MESSAGE,,,,79,,same
,tests.test_dispatcher,test_content_size,Passed,NO MESSAGE,,,,79,,same
,tests.test_dispatcher,test_content_titles,Passed,NO MESSAGE,,,,79,,same
,tests.test_dispatcher,test_bad_content_params,Passed,NO MESSAGE,,,,79,,same
,tests.test_dispatcher,test_bad_content_titles,Passed,NO MESSAGE,,,,79,,same
,tests.test_dispatcher,test_valid_titles,Passed,NO MESSAGE,,,,168,,same
,tests.test_dispatcher,test_large_titles,Passed,NO MESSAGE,,,,168,,same
,tests.test_dispatcher,test_content_size,Passed,NO MESSAGE,,,,168,,same
,tests.test_dispatcher,test_content_titles,Passed,NO MESSAGE,,,,168,,same
,tests.test_dispatcher,test_bad_content_params,Passed,NO MESSAGE,,,,168,,same
,tests.test_dispatcher,test_bad_content_titles,Passed,NO MESSAGE,,,,168,,same
,tests.test_dispatcher,test_valid_titles,Passed,NO MESSAGE,,,,175,,same
,tests.test_dispatcher,test_large_titles,Passed,NO MESSAGE,,,,175,,same
,tests.test_dispatcher,test_content_size,Passed,NO MESSAGE,,,,175,,same
,tests.test_dispatcher,test_content_titles,Passed,NO MESSAGE,,,,175,,same
,tests.test_dispatcher,test_bad_content_params,Passed,NO MESSAGE,,,,175,,same
,tests.test_dispatcher,test_bad_content_titles,Passed,NO MESSAGE,,,,175,,same
,tests.test_dispatcher,test_valid_titles,Passed,NO MESSAGE,,,,108,,same
,tests.test_dispatcher,test_large_titles,Passed,NO MESSAGE,,,,108,,same
,tests.test_dispatcher,test_content_size,Passed,NO MESSAGE,,,,108,,same
,tests.test_dispatcher,test_content_titles,Passed,NO MESSAGE,,,,108,,same
,tests.test_dispatcher,test_bad_content_params,Passed,NO MESSAGE,,,,108,,same
,tests.test_dispatcher,test_bad_content_titles,Passed,NO MESSAGE,,,,108,,same
,tests.test_dispatcher,test_valid_titles,Passed,NO MESSAGE,,,,49,,same
,tests.test_dispatcher,test_large_titles,Passed,NO MESSAGE,,,,49,,same
,tests.test_dispatcher,test_content_size,Passed,NO MESSAGE,,,,49,,same
,tests.test_dispatcher,test_content_titles,Passed,NO MESSAGE,,,,49,,same
,tests.test_dispatcher,test_bad_content_params,Passed,NO MESSAGE,,,,49,,same
,tests.test_dispatcher,test_bad_content_titles,Passed,NO MESSAGE,,,,49,,same
,tests.test_dispatcher,test_valid_titles,Passed,NO MESSAGE,,,,162,,same
,tests.test_dispatcher,test_large_titles,Passed,NO MESSAGE,,,,162,,same
,tests.test_dispatcher,test_content_size,Passed,NO MESSAGE,,,,162,,same
,tests.test_dispatcher,test_content_titles,Passed,NO MESSAGE,,,,162,,same
,tests.test_dispatcher,test_bad_content_params,Passed,NO MESSAGE,,,,162,,same
,tests.test_dispatcher,test_bad_content_titles,Passed,NO MESSAGE,,,,162,,same
,tests.test_dispatcher,test_valid_titles,Passed,NO MESSAGE,,,,28,,same
,tests.test_dispatcher,test_large_titles,Passed,NO MESSAGE,,,,28,,same
,tests.test_dispatcher,test_content_size,Passed,NO MESSAGE,,,,28,,same
,tests.test_dispatcher,test_content_titles,Passed,NO MESSAGE,,,,28,,same
,tests.test_dispatcher,test_bad_content_params,Passed,NO MESSAGE,,,,28,,same
,tests.test_dispatcher,test_bad_content_titles,Passed,NO MESSAGE,,,,28,,same
,tests.test_dispatcher,test_valid_titles,Passed,NO MESSAGE,,,,90,,same
,tests.test_dispatcher,test_large_titles,Passed,NO MESSAGE,,,,90,,same
,tests.test_dispatcher,test_content_size,Passed,NO MESSAGE,,,,90,,same
,tests.test_dispatcher,test_content_titles,Passed,NO MESSAGE,,,,90,,same
,tests.test_dispatcher,test_bad_content_params,Passed,NO MESSAGE,,,,90,,same
,tests.test_dispatcher,test_bad_content_titles,Passed,NO MESSAGE,,,,90,,same
,tests.test_dispatcher,test_valid_titles,Passed,NO MESSAGE,,,,31,,same
,tests.test_dispatcher,test_large_titles,Passed,NO MESSAGE,,,,31,,same
,tests.test_dispatcher,test_content_size,Passed,NO MESSAGE,,,,31,,same
,tests.test_dispatcher,test_content_titles,Passed,NO MESSAGE,,,,31,,same
,tests.test_dispatcher,test_bad_content_params,Passed,NO MESSAGE,,,,31,,same
,tests.test_dispatcher,test_bad_content_titles,Passed,NO MESSAGE,,,,31,,same
,tests.test_dispatcher,test_valid_titles,Passed,NO MESSAGE,,,,170,,same
,tests.test_dispatcher,test_large_titles,Passed,NO MESSAGE,,,,170,,same
,tests.test_dispatcher,test_content_size,Passed,NO MESSAGE,,,,170,,same
,tests.test_dispatcher,test_content_titles,Passed,NO MESSAGE,,,,170,,same
,tests.test_dispatcher,test_bad_content_params,Passed,NO MESSAGE,,,,170,,same
,tests.test_dispatcher,test_bad_content_titles,Passed,NO MESSAGE,,,,170,,same
,tests.test_dispatcher,test_valid_titles,Passed,NO MESSAGE,,,,98,,same
,tests.test_dispatcher,test_large_titles,Passed,NO MESSAGE,,,,98,,same
,tests.test_dispatcher,test_content_size,Passed,NO MESSAGE,,,,98,,same
,tests.test_dispatcher,test_content_titles,Passed,NO MESSAGE,,,,98,,same
,tests.test_dispatcher,test_bad_content_params,Passed,NO MESSAGE,,,,98,,same
,tests.test_dispatcher,test_bad_content_titles,Passed,NO MESSAGE,,,,98,,same
,tests.test_dispatcher,test_valid_titles,Passed,NO MESSAGE,,,,10,,same
,tests.test_dispatcher,test_large_titles,Passed,NO MESSAGE,,,,10,,same
,tests.test_dispatcher,test_content_size,Passed,NO MESSAGE,,,,10,,same
,tests.test_dispatcher,test_content_titles,Passed,NO MESSAGE,,,,10,,same
,tests.test_dispatcher,test_bad_content_params,Passed,NO MESSAGE,,,,10,,same
,tests.test_dispatcher,test_bad_content_titles,Passed,NO MESSAGE,,,,10,,same
,tests.test_dispatcher,test_valid_titles,Passed,NO MESSAGE,,,,144,,same
,tests.test_dispatcher,test_large_titles,Passed,NO MESSAGE,,,,144,,same
,tests.test_dispatcher,test_content_size,Passed,NO MESSAGE,,,,144,,same
,tests.test_dispatcher,test_content_titles,Passed,NO MESSAGE,,,,144,,same
,tests.test_dispatcher,test_bad_content_params,Passed,NO MESSAGE,,,,144,,same
,tests.test_dispatcher,test_bad_content_titles,Passed,NO MESSAGE,,,,144,,same
,tests.test_dispatcher,test_valid_titles,Passed,NO MESSAGE,,,,22,,same
,tests.test_dispatcher,test_large_titles,Passed,NO MESSAGE,,,,22,,same
,tests.test_dispatcher,test_content_size,Passed,NO MESSAGE,,,,22,,same
,tests.test_dispatcher,test_content_titles,Passed,NO MESSAGE,,,,22,,same
,tests.test_dispatcher,test_bad_content_params,Passed,NO MESSAGE,,,,22,,same
,tests.test_dispatcher,test_bad_content_titles,Passed,NO MESSAGE,,,,22,,same
,tests.test_dispatcher,test_valid_titles,Passed,NO MESSAGE,,,,156,,same
,tests.test_dispatcher,test_large_titles,Passed,NO MESSAGE,,,,156,,same
,tests.test_dispatcher,test_content_size,Passed,NO MESSAGE,,,,156,,same
,tests.test_dispatcher,test_content_titles,Passed,NO MESSAGE,,,,156,,same
,tests.test_dispatcher,test_bad_content_params,Passed,NO MESSAGE,,,,156,,same
,tests.test_dispatcher,test_bad_content_titles,Passed,NO MESSAGE,,,,156,,same
,tests.test_dispatcher,test_valid_titles,Passed,NO MESSAGE,,,,113,,same
,tests.test_dispatcher,test_large_titles,Passed,NO MESSAGE,,,,113,,same
,tests.test_dispatcher,test_content_size,Passed,NO MESSAGE,,,,113,,same
,tests.test_dispatcher,test_content_titles,Passed,NO MESSAGE,,,,113,,same
,tests.test_dispatcher,test_bad_content_params,Passed,NO MESSAGE,,,,113,,same
,tests.test_dispatcher,test_bad_content_titles,Passed,NO MESSAGE,,,,113,,same
,tests.test_dispatcher,test_valid_titles,Passed,NO MESSAGE,,,,103,,same
,tests.test_dispatcher,test_large_titles,Passed,NO MESSAGE,,,,103,,same
,tests.test_dispatcher,test_content_size,Passed,NO MESSAGE,,,,103,,same
,tests.test_dispatcher,test_content_titles,Passed,NO MESSAGE,,,,103,,same
,tests.test_dispatcher,test_bad_content_params,Passed,NO MESSAGE,,,,103,,same
,tests.test_dispatcher,test_bad_content_titles,Passed,NO MESSAGE,,,,103,,same
,tests.test_dispatcher,test_valid_titles,Passed,NO MESSAGE,,,,73,,same
,tests.test_dispatcher,test_large_titles,Passed,NO MESSAGE,,,,73,,same
,tests.test_dispatcher,test_content_size,Passed,NO MESSAGE,,,,73,,same
,tests.test_dispatcher,test_content_titles,Passed,NO MESSAGE,,,,73,,same
,tests.test_dispatcher,test_bad_content_params,Passed,NO MESSAGE,,,,73,,same
,tests.test_dispatcher,test_bad_content_titles,Passed,NO MESSAGE,,,,73,,same
,tests.test_dispatcher,test_valid_titles,Passed,NO MESSAGE,,,,152,,same
,tests.test_dispatcher,test_large_titles,Passed,NO MESSAGE,,,,152,,same
,tests.test_dispatcher,test_content_size,Passed,NO MESSAGE,,,,152,,same
,tests.test_dispatcher,test_content_titles,Passed,NO MESSAGE,,,,152,,same
,tests.test_dispatcher,test_bad_content_params,Passed,NO MESSAGE,,,,152,,same
,tests.test_dispatcher,test_bad_content_titles,Passed,NO MESSAGE,,,,152,,same
,tests.test_dispatcher,test_valid_titles,Passed,NO MESSAGE,,,,151,,same
,tests.test_dispatcher,test_large_titles,Passed,NO MESSAGE,,,,151,,same
,tests.test_dispatcher,test_content_size,Passed,NO MESSAGE,,,,151,,same
,tests.test_dispatcher,test_content_titles,Passed,NO MESSAGE,,,,151,,same
,tests.test_dispatcher,test_bad_content_params,Passed,NO MESSAGE,,,,151,,same
,tests.test_dispatcher,test_bad_content_titles,Passed,NO MESSAGE,,,,151,,same
,tests.test_dispatcher,test_valid_titles,Passed,NO MESSAGE,,,,21,,same
,tests.test_dispatcher,test_large_titles,Passed,NO MESSAGE,,,,21,,same
,tests.test_dispatcher,test_content_size,Passed,NO MESSAGE,,,,21,,same
,tests.test_dispatcher,test_content_titles,Passed,NO MESSAGE,,,,21,,same
,tests.test_dispatcher,test_bad_content_params,Passed,NO MESSAGE,,,,21,,same
,tests.test_dispatcher,test_bad_content_titles,Passed,NO MESSAGE,,,,21,,same
,tests.test_dispatcher,test_valid_titles,Passed,NO MESSAGE,,,,158,,same
,tests.test_dispatcher,test_large_titles,Passed,NO MESSAGE,,,,158,,same
,tests.test_dispatcher,test_content_size,Passed,NO MESSAGE,,,,158,,same
,tests.test_dispatcher,test_content_titles,Passed,NO MESSAGE,,,,158,,same
,tests.test_dispatcher,test_bad_content_params,Passed,NO MESSAGE,,,,158,,same
,tests.test_dispatcher,test_bad_content_titles,Passed,NO MESSAGE,,,,158,,same
,tests.test_dispatcher,test_valid_titles,Passed,NO MESSAGE,,,,179,,same
,tests.test_dispatcher,test_large_titles,Passed,NO MESSAGE,,,,179,,same
,tests.test_dispatcher,test_content_size,Passed,NO MESSAGE,,,,179,,same
,tests.test_dispatcher,test_content_titles,Passed,NO MESSAGE,,,,179,,same
,tests.test_dispatcher,test_bad_content_params,Passed,NO MESSAGE,,,,179,,same
,tests.test_dispatcher,test_bad_content_titles,Passed,NO MESSAGE,,,,179,,same
,tests.test_dispatcher,test_valid_titles,Passed,NO MESSAGE,,,,92,,same
,tests.test_dispatcher,test_large_titles,Passed,NO MESSAGE,,,,92,,same
,tests.test_dispatcher,test_content_size,Passed,NO MESSAGE,,,,92,,same
,tests.test_dispatcher,test_content_titles,Passed,NO MESSAGE,,,,92,,same
,tests.test_dispatcher,test_bad_content_params,Passed,NO MESSAGE,,,,92,,same
,tests.test_dispatcher,test_bad_content_titles,Passed,NO MESSAGE,,,,92,,same
,tests.test_dispatcher,test_valid_titles,Passed,NO MESSAGE,,,,23,,same
,tests.test_dispatcher,test_large_titles,Passed,NO MESSAGE,,,,23,,same
,tests.test_dispatcher,test_content_size,Passed,NO MESSAGE,,,,23,,same
,tests.test_dispatcher,test_content_titles,Passed,NO MESSAGE,,,,23,,same
,tests.test_dispatcher,test_bad_content_params,Passed,NO MESSAGE,,,,23,,same
,tests.test_dispatcher,test_bad_content_titles,Passed,NO MESSAGE,,,,23,,same
,tests.test_dispatcher,test_valid_titles,Passed,NO MESSAGE,,,,16,,same
,tests.test_dispatcher,test_large_titles,Passed,NO MESSAGE,,,,16,,same
,tests.test_dispatcher,test_content_size,Passed,NO MESSAGE,,,,16,,same
,tests.test_dispatcher,test_content_titles,Passed,NO MESSAGE,,,,16,,same
,tests.test_dispatcher,test_bad_content_params,Passed,NO MESSAGE,,,,16,,same
,tests.test_dispatcher,test_bad_content_titles,Passed,NO MESSAGE,,,,16,,same
,tests.test_dispatcher,test_valid_titles,Passed,NO MESSAGE,,,,87,,same
,tests.test_dispatcher,test_large_titles,Passed,NO MESSAGE,,,,87,,same
,tests.test_dispatcher,test_content_size,Passed,NO MESSAGE,,,,87,,same
,tests.test_dispatcher,test_content_titles,Passed,NO MESSAGE,,,,87,,same
,tests.test_dispatcher,test_bad_content_params,Passed,NO MESSAGE,,,,87,,same
,tests.test_dispatcher,test_bad_content_titles,Passed,NO MESSAGE,,,,87,,same
,tests.test_dispatcher,test_valid_titles,Passed,NO MESSAGE,,,,100,,same
,tests.test_dispatcher,test_large_titles,Passed,NO MESSAGE,,,,100,,same
,tests.test_dispatcher,test_content_size,Passed,NO MESSAGE,,,,100,,same
,tests.test_dispatcher,test_content_titles,Passed,NO MESSAGE,,,,100,,same
,tests.test_dispatcher,test_bad_content_params,Passed,NO MESSAGE,,,,100,,same
,tests.test_dispatcher,test_bad_content_titles,Passed,NO MESSAGE,,,,100,,same
,tests.test_dispatcher,test_valid_titles,Passed,NO MESSAGE,,,,81,,same
,tests.test_dispatcher,test_large_titles,Passed,NO MESSAGE,,,,81,,same
,tests.test_dispatcher,test_content_size,Passed,NO MESSAGE,,,,81,,same
,tests.test_dispatcher,test_content_titles,Passed,NO MESSAGE,,,,81,,same
,tests.test_dispatcher,test_bad_content_params,Passed,NO MESSAGE,,,,81,,same
,tests.test_dispatcher,test_bad_content_titles,Passed,NO MESSAGE,,,,81,,same
,tests.test_dispatcher,test_valid_titles,Passed,NO MESSAGE,,,,11,,same
,tests.test_dispatcher,test_large_titles,Passed,NO MESSAGE,,,,11,,same
,tests.test_dispatcher,test_content_size,Failed,"assert 9 == 10
  +9
  -10",['tests/test_dispatcher.py:22: AssertionError'],,,11,,same
,tests.test_dispatcher,test_content_titles,Passed,NO MESSAGE,,,,11,,same
,tests.test_dispatcher,test_bad_content_params,Passed,NO MESSAGE,,,,11,,same
,tests.test_dispatcher,test_bad_content_titles,Passed,NO MESSAGE,,,,11,,same
,tests.test_dispatcher,test_valid_titles,Passed,NO MESSAGE,,,,30,,same
,tests.test_dispatcher,test_large_titles,Passed,NO MESSAGE,,,,30,,same
,tests.test_dispatcher,test_content_size,Passed,NO MESSAGE,,,,30,,same
,tests.test_dispatcher,test_content_titles,Passed,NO MESSAGE,,,,30,,same
,tests.test_dispatcher,test_bad_content_params,Passed,NO MESSAGE,,,,30,,same
,tests.test_dispatcher,test_bad_content_titles,Passed,NO MESSAGE,,,,30,,same
,tests.test_dispatcher,test_valid_titles,Passed,NO MESSAGE,,,,26,,same
,tests.test_dispatcher,test_large_titles,Passed,NO MESSAGE,,,,26,,same
,tests.test_dispatcher,test_content_size,Passed,NO MESSAGE,,,,26,,same
,tests.test_dispatcher,test_content_titles,Passed,NO MESSAGE,,,,26,,same
,tests.test_dispatcher,test_bad_content_params,Passed,NO MESSAGE,,,,26,,same
,tests.test_dispatcher,test_bad_content_titles,Passed,NO MESSAGE,,,,26,,same
,tests.test_dispatcher,test_valid_titles,Passed,NO MESSAGE,,,,93,,same
,tests.test_dispatcher,test_large_titles,Passed,NO MESSAGE,,,,93,,same
,tests.test_dispatcher,test_content_size,Passed,NO MESSAGE,,,,93,,same
,tests.test_dispatcher,test_content_titles,Passed,NO MESSAGE,,,,93,,same
,tests.test_dispatcher,test_bad_content_params,Passed,NO MESSAGE,,,,93,,same
,tests.test_dispatcher,test_bad_content_titles,Passed,NO MESSAGE,,,,93,,same
,tests.test_dispatcher,test_valid_titles,Passed,NO MESSAGE,,,,134,,same
,tests.test_dispatcher,test_large_titles,Passed,NO MESSAGE,,,,134,,same
,tests.test_dispatcher,test_content_size,Passed,NO MESSAGE,,,,134,,same
,tests.test_dispatcher,test_content_titles,Passed,NO MESSAGE,,,,134,,same
,tests.test_dispatcher,test_bad_content_params,Passed,NO MESSAGE,,,,134,,same
,tests.test_dispatcher,test_bad_content_titles,Passed,NO MESSAGE,,,,134,,same
,tests.test_dispatcher,test_valid_titles,Passed,NO MESSAGE,,,,177,,same
,tests.test_dispatcher,test_large_titles,Passed,NO MESSAGE,,,,177,,same
,tests.test_dispatcher,test_content_size,Passed,NO MESSAGE,,,,177,,same
,tests.test_dispatcher,test_content_titles,Passed,NO MESSAGE,,,,177,,same
,tests.test_dispatcher,test_bad_content_params,Passed,NO MESSAGE,,,,177,,same
,tests.test_dispatcher,test_bad_content_titles,Passed,NO MESSAGE,,,,177,,same
,tests.test_dispatcher,test_valid_titles,Passed,NO MESSAGE,,,,82,,same
,tests.test_dispatcher,test_large_titles,Passed,NO MESSAGE,,,,82,,same
,tests.test_dispatcher,test_content_size,Passed,NO MESSAGE,,,,82,,same
,tests.test_dispatcher,test_content_titles,Passed,NO MESSAGE,,,,82,,same
,tests.test_dispatcher,test_bad_content_params,Passed,NO MESSAGE,,,,82,,same
,tests.test_dispatcher,test_bad_content_titles,Passed,NO MESSAGE,,,,82,,same
,tests.test_dispatcher,test_valid_titles,Passed,NO MESSAGE,,,,174,,same
,tests.test_dispatcher,test_large_titles,Passed,NO MESSAGE,,,,174,,same
,tests.test_dispatcher,test_content_size,Passed,NO MESSAGE,,,,174,,same
,tests.test_dispatcher,test_content_titles,Passed,NO MESSAGE,,,,174,,same
,tests.test_dispatcher,test_bad_content_params,Passed,NO MESSAGE,,,,174,,same
,tests.test_dispatcher,test_bad_content_titles,Passed,NO MESSAGE,,,,174,,same
,tests.test_dispatcher,test_valid_titles,Passed,NO MESSAGE,,,,178,,same
,tests.test_dispatcher,test_large_titles,Passed,NO MESSAGE,,,,178,,same
,tests.test_dispatcher,test_content_size,Passed,NO MESSAGE,,,,178,,same
,tests.test_dispatcher,test_content_titles,Passed,NO MESSAGE,,,,178,,same
,tests.test_dispatcher,test_bad_content_params,Passed,NO MESSAGE,,,,178,,same
,tests.test_dispatcher,test_bad_content_titles,Passed,NO MESSAGE,,,,178,,same
,tests.test_dispatcher,test_valid_titles,Passed,NO MESSAGE,,,,127,,same
,tests.test_dispatcher,test_large_titles,Passed,NO MESSAGE,,,,127,,same
,tests.test_dispatcher,test_content_size,Passed,NO MESSAGE,,,,127,,same
,tests.test_dispatcher,test_content_titles,Passed,NO MESSAGE,,,,127,,same
,tests.test_dispatcher,test_bad_content_params,Passed,NO MESSAGE,,,,127,,same
,tests.test_dispatcher,test_bad_content_titles,Passed,NO MESSAGE,,,,127,,same
,tests.test_dispatcher,test_valid_titles,Passed,NO MESSAGE,,,,122,,same
,tests.test_dispatcher,test_large_titles,Passed,NO MESSAGE,,,,122,,same
,tests.test_dispatcher,test_content_size,Passed,NO MESSAGE,,,,122,,same
,tests.test_dispatcher,test_content_titles,Passed,NO MESSAGE,,,,122,,same
,tests.test_dispatcher,test_bad_content_params,Passed,NO MESSAGE,,,,122,,same
,tests.test_dispatcher,test_bad_content_titles,Passed,NO MESSAGE,,,,122,,same
,tests.test_dispatcher,test_valid_titles,Passed,NO MESSAGE,,,,135,,same
,tests.test_dispatcher,test_large_titles,Passed,NO MESSAGE,,,,135,,same
,tests.test_dispatcher,test_content_size,Passed,NO MESSAGE,,,,135,,same
,tests.test_dispatcher,test_content_titles,Passed,NO MESSAGE,,,,135,,same
,tests.test_dispatcher,test_bad_content_params,Passed,NO MESSAGE,,,,135,,same
,tests.test_dispatcher,test_bad_content_titles,Passed,NO MESSAGE,,,,135,,same
,tests.test_dispatcher,test_valid_titles,Passed,NO MESSAGE,,,,44,,same
,tests.test_dispatcher,test_large_titles,Passed,NO MESSAGE,,,,44,,same
,tests.test_dispatcher,test_content_size,Passed,NO MESSAGE,,,,44,,same
,tests.test_dispatcher,test_content_titles,Passed,NO MESSAGE,,,,44,,same
,tests.test_dispatcher,test_bad_content_params,Passed,NO MESSAGE,,,,44,,same
,tests.test_dispatcher,test_bad_content_titles,Passed,NO MESSAGE,,,,44,,same
,tests.test_dispatcher,test_valid_titles,Passed,NO MESSAGE,,,,2,,same
,tests.test_dispatcher,test_large_titles,Passed,NO MESSAGE,,,,2,,same
,tests.test_dispatcher,test_content_size,Passed,NO MESSAGE,,,,2,,same
,tests.test_dispatcher,test_content_titles,Passed,NO MESSAGE,,,,2,,same
,tests.test_dispatcher,test_bad_content_params,Passed,NO MESSAGE,,,,2,,same
,tests.test_dispatcher,test_bad_content_titles,Passed,NO MESSAGE,,,,2,,same
,tests.test_dispatcher,test_valid_titles,Passed,NO MESSAGE,,,,51,,same
,tests.test_dispatcher,test_large_titles,Passed,NO MESSAGE,,,,51,,same
,tests.test_dispatcher,test_content_size,Passed,NO MESSAGE,,,,51,,same
,tests.test_dispatcher,test_content_titles,Passed,NO MESSAGE,,,,51,,same
,tests.test_dispatcher,test_bad_content_params,Passed,NO MESSAGE,,,,51,,same
,tests.test_dispatcher,test_bad_content_titles,Passed,NO MESSAGE,,,,51,,same
,tests.test_dispatcher,test_valid_titles,Passed,NO MESSAGE,,,,48,,same
,tests.test_dispatcher,test_large_titles,Passed,NO MESSAGE,,,,48,,same
,tests.test_dispatcher,test_content_size,Passed,NO MESSAGE,,,,48,,same
,tests.test_dispatcher,test_content_titles,Passed,NO MESSAGE,,,,48,,same
,tests.test_dispatcher,test_bad_content_params,Passed,NO MESSAGE,,,,48,,same
,tests.test_dispatcher,test_bad_content_titles,Passed,NO MESSAGE,,,,48,,same
,tests.test_dispatcher,test_valid_titles,Passed,NO MESSAGE,,,,83,,same
,tests.test_dispatcher,test_large_titles,Passed,NO MESSAGE,,,,83,,same
,tests.test_dispatcher,test_content_size,Passed,NO MESSAGE,,,,83,,same
,tests.test_dispatcher,test_content_titles,Passed,NO MESSAGE,,,,83,,same
,tests.test_dispatcher,test_bad_content_params,Passed,NO MESSAGE,,,,83,,same
,tests.test_dispatcher,test_bad_content_titles,Passed,NO MESSAGE,,,,83,,same
,tests.test_dispatcher,test_valid_titles,Passed,NO MESSAGE,,,,27,,same
,tests.test_dispatcher,test_large_titles,Passed,NO MESSAGE,,,,27,,same
,tests.test_dispatcher,test_content_size,Passed,NO MESSAGE,,,,27,,same
,tests.test_dispatcher,test_content_titles,Passed,NO MESSAGE,,,,27,,same
,tests.test_dispatcher,test_bad_content_params,Passed,NO MESSAGE,,,,27,,same
,tests.test_dispatcher,test_bad_content_titles,Passed,NO MESSAGE,,,,27,,same
,tests.test_dispatcher,test_valid_titles,Passed,NO MESSAGE,,,,126,,same
,tests.test_dispatcher,test_large_titles,Passed,NO MESSAGE,,,,126,,same
,tests.test_dispatcher,test_content_size,Passed,NO MESSAGE,,,,126,,same
,tests.test_dispatcher,test_content_titles,Passed,NO MESSAGE,,,,126,,same
,tests.test_dispatcher,test_bad_content_params,Passed,NO MESSAGE,,,,126,,same
,tests.test_dispatcher,test_bad_content_titles,Passed,NO MESSAGE,,,,126,,same
,tests.test_dispatcher,test_valid_titles,Passed,NO MESSAGE,,,,85,,same
,tests.test_dispatcher,test_large_titles,Passed,NO MESSAGE,,,,85,,same
,tests.test_dispatcher,test_content_size,Passed,NO MESSAGE,,,,85,,same
,tests.test_dispatcher,test_content_titles,Passed,NO MESSAGE,,,,85,,same
,tests.test_dispatcher,test_bad_content_params,Passed,NO MESSAGE,,,,85,,same
,tests.test_dispatcher,test_bad_content_titles,Passed,NO MESSAGE,,,,85,,same
,tests.test_dispatcher,test_valid_titles,Passed,NO MESSAGE,,,,84,,same
,tests.test_dispatcher,test_large_titles,Passed,NO MESSAGE,,,,84,,same
,tests.test_dispatcher,test_content_size,Passed,NO MESSAGE,,,,84,,same
,tests.test_dispatcher,test_content_titles,Passed,NO MESSAGE,,,,84,,same
,tests.test_dispatcher,test_bad_content_params,Passed,NO MESSAGE,,,,84,,same
,tests.test_dispatcher,test_bad_content_titles,Passed,NO MESSAGE,,,,84,,same
,tests.test_dispatcher,test_valid_titles,Passed,NO MESSAGE,,,,39,,same
,tests.test_dispatcher,test_large_titles,Passed,NO MESSAGE,,,,39,,same
,tests.test_dispatcher,test_content_size,Passed,NO MESSAGE,,,,39,,same
,tests.test_dispatcher,test_content_titles,Passed,NO MESSAGE,,,,39,,same
,tests.test_dispatcher,test_bad_content_params,Passed,NO MESSAGE,,,,39,,same
,tests.test_dispatcher,test_bad_content_titles,Passed,NO MESSAGE,,,,39,,same
,tests.test_dispatcher,test_valid_titles,Passed,NO MESSAGE,,,,9,,same
,tests.test_dispatcher,test_large_titles,Passed,NO MESSAGE,,,,9,,same
,tests.test_dispatcher,test_content_size,Passed,NO MESSAGE,,,,9,,same
,tests.test_dispatcher,test_content_titles,Passed,NO MESSAGE,,,,9,,same
,tests.test_dispatcher,test_bad_content_params,Passed,NO MESSAGE,,,,9,,same
,tests.test_dispatcher,test_bad_content_titles,Passed,NO MESSAGE,,,,9,,same
,tests.test_dispatcher,test_valid_titles,Passed,NO MESSAGE,,,,120,,same
,tests.test_dispatcher,test_large_titles,Passed,NO MESSAGE,,,,120,,same
,tests.test_dispatcher,test_content_size,Passed,NO MESSAGE,,,,120,,same
,tests.test_dispatcher,test_content_titles,Passed,NO MESSAGE,,,,120,,same
,tests.test_dispatcher,test_bad_content_params,Passed,NO MESSAGE,,,,120,,same
,tests.test_dispatcher,test_bad_content_titles,Passed,NO MESSAGE,,,,120,,same
,tests.test_dispatcher,test_valid_titles,Passed,NO MESSAGE,,,,133,,same
,tests.test_dispatcher,test_large_titles,Passed,NO MESSAGE,,,,133,,same
,tests.test_dispatcher,test_content_size,Passed,NO MESSAGE,,,,133,,same
,tests.test_dispatcher,test_content_titles,Passed,NO MESSAGE,,,,133,,same
,tests.test_dispatcher,test_bad_content_params,Passed,NO MESSAGE,,,,133,,same
,tests.test_dispatcher,test_bad_content_titles,Passed,NO MESSAGE,,,,133,,same
,tests.test_dispatcher,test_valid_titles,Passed,NO MESSAGE,,,,169,,same
,tests.test_dispatcher,test_large_titles,Passed,NO MESSAGE,,,,169,,same
,tests.test_dispatcher,test_content_size,Passed,NO MESSAGE,,,,169,,same
,tests.test_dispatcher,test_content_titles,Passed,NO MESSAGE,,,,169,,same
,tests.test_dispatcher,test_bad_content_params,Passed,NO MESSAGE,,,,169,,same
,tests.test_dispatcher,test_bad_content_titles,Passed,NO MESSAGE,,,,169,,same
,tests.test_dispatcher,test_valid_titles,Passed,NO MESSAGE,,,,167,,same
,tests.test_dispatcher,test_large_titles,Passed,NO MESSAGE,,,,167,,same
,tests.test_dispatcher,test_content_size,Passed,NO MESSAGE,,,,167,,same
,tests.test_dispatcher,test_content_titles,Passed,NO MESSAGE,,,,167,,same
,tests.test_dispatcher,test_bad_content_params,Passed,NO MESSAGE,,,,167,,same
,tests.test_dispatcher,test_bad_content_titles,Passed,NO MESSAGE,,,,167,,same
,tests.test_dispatcher,test_valid_titles,Passed,NO MESSAGE,,,,165,,same
,tests.test_dispatcher,test_large_titles,Passed,NO MESSAGE,,,,165,,same
,tests.test_dispatcher,test_content_size,Passed,NO MESSAGE,,,,165,,same
,tests.test_dispatcher,test_content_titles,Passed,NO MESSAGE,,,,165,,same
,tests.test_dispatcher,test_bad_content_params,Passed,NO MESSAGE,,,,165,,same
,tests.test_dispatcher,test_bad_content_titles,Passed,NO MESSAGE,,,,165,,same
,tests.test_dispatcher,test_valid_titles,Passed,NO MESSAGE,,,,13,,same
,tests.test_dispatcher,test_large_titles,Passed,NO MESSAGE,,,,13,,same
,tests.test_dispatcher,test_content_size,Passed,NO MESSAGE,,,,13,,same
,tests.test_dispatcher,test_content_titles,Passed,NO MESSAGE,,,,13,,same
,tests.test_dispatcher,test_bad_content_params,Passed,NO MESSAGE,,,,13,,same
,tests.test_dispatcher,test_bad_content_titles,Passed,NO MESSAGE,,,,13,,same
,tests.test_dispatcher,test_valid_titles,Passed,NO MESSAGE,,,,54,,same
,tests.test_dispatcher,test_large_titles,Passed,NO MESSAGE,,,,54,,same
,tests.test_dispatcher,test_content_size,Passed,NO MESSAGE,,,,54,,same
,tests.test_dispatcher,test_content_titles,Passed,NO MESSAGE,,,,54,,same
,tests.test_dispatcher,test_bad_content_params,Passed,NO MESSAGE,,,,54,,same
,tests.test_dispatcher,test_bad_content_titles,Passed,NO MESSAGE,,,,54,,same
,tests.test_dispatcher,test_valid_titles,Passed,NO MESSAGE,,,,74,,same
,tests.test_dispatcher,test_large_titles,Passed,NO MESSAGE,,,,74,,same
,tests.test_dispatcher,test_content_size,Passed,NO MESSAGE,,,,74,,same
,tests.test_dispatcher,test_content_titles,Passed,NO MESSAGE,,,,74,,same
,tests.test_dispatcher,test_bad_content_params,Passed,NO MESSAGE,,,,74,,same
,tests.test_dispatcher,test_bad_content_titles,Passed,NO MESSAGE,,,,74,,same
,tests.test_dispatcher,test_valid_titles,Passed,NO MESSAGE,,,,57,,same
,tests.test_dispatcher,test_large_titles,Passed,NO MESSAGE,,,,57,,same
,tests.test_dispatcher,test_content_size,Passed,NO MESSAGE,,,,57,,same
,tests.test_dispatcher,test_content_titles,Passed,NO MESSAGE,,,,57,,same
,tests.test_dispatcher,test_bad_content_params,Passed,NO MESSAGE,,,,57,,same
,tests.test_dispatcher,test_bad_content_titles,Passed,NO MESSAGE,,,,57,,same
,tests.test_dispatcher,test_valid_titles,Passed,NO MESSAGE,,,,171,,same
,tests.test_dispatcher,test_large_titles,Passed,NO MESSAGE,,,,171,,same
,tests.test_dispatcher,test_content_size,Passed,NO MESSAGE,,,,171,,same
,tests.test_dispatcher,test_content_titles,Passed,NO MESSAGE,,,,171,,same
,tests.test_dispatcher,test_bad_content_params,Passed,NO MESSAGE,,,,171,,same
,tests.test_dispatcher,test_bad_content_titles,Passed,NO MESSAGE,,,,171,,same
,tests.test_dispatcher,test_valid_titles,Passed,NO MESSAGE,,,,124,,same
,tests.test_dispatcher,test_large_titles,Passed,NO MESSAGE,,,,124,,same
,tests.test_dispatcher,test_content_size,Passed,NO MESSAGE,,,,124,,same
,tests.test_dispatcher,test_content_titles,Passed,NO MESSAGE,,,,124,,same
,tests.test_dispatcher,test_bad_content_params,Passed,NO MESSAGE,,,,124,,same
,tests.test_dispatcher,test_bad_content_titles,Passed,NO MESSAGE,,,,124,,same
,tests.test_dispatcher,test_valid_titles,Passed,NO MESSAGE,,,,25,,same
,tests.test_dispatcher,test_large_titles,Passed,NO MESSAGE,,,,25,,same
,tests.test_dispatcher,test_content_size,Passed,NO MESSAGE,,,,25,,same
,tests.test_dispatcher,test_content_titles,Passed,NO MESSAGE,,,,25,,same
,tests.test_dispatcher,test_bad_content_params,Passed,NO MESSAGE,,,,25,,same
,tests.test_dispatcher,test_bad_content_titles,Passed,NO MESSAGE,,,,25,,same
,tests.test_dispatcher,test_valid_titles,Passed,NO MESSAGE,,,,159,,same
,tests.test_dispatcher,test_large_titles,Passed,NO MESSAGE,,,,159,,same
,tests.test_dispatcher,test_content_size,Passed,NO MESSAGE,,,,159,,same
,tests.test_dispatcher,test_content_titles,Passed,NO MESSAGE,,,,159,,same
,tests.test_dispatcher,test_bad_content_params,Passed,NO MESSAGE,,,,159,,same
,tests.test_dispatcher,test_bad_content_titles,Passed,NO MESSAGE,,,,159,,same
,tests.test_dispatcher,test_valid_titles,Passed,NO MESSAGE,,,,104,,same
,tests.test_dispatcher,test_large_titles,Passed,NO MESSAGE,,,,104,,same
,tests.test_dispatcher,test_content_size,Passed,NO MESSAGE,,,,104,,same
,tests.test_dispatcher,test_content_titles,Passed,NO MESSAGE,,,,104,,same
,tests.test_dispatcher,test_bad_content_params,Passed,NO MESSAGE,,,,104,,same
,tests.test_dispatcher,test_bad_content_titles,Passed,NO MESSAGE,,,,104,,same
,tests.test_dispatcher,test_valid_titles,Passed,NO MESSAGE,,,,14,,same
,tests.test_dispatcher,test_large_titles,Passed,NO MESSAGE,,,,14,,same
,tests.test_dispatcher,test_content_size,Passed,NO MESSAGE,,,,14,,same
,tests.test_dispatcher,test_content_titles,Passed,NO MESSAGE,,,,14,,same
,tests.test_dispatcher,test_bad_content_params,Passed,NO MESSAGE,,,,14,,same
,tests.test_dispatcher,test_bad_content_titles,Passed,NO MESSAGE,,,,14,,same
,tests.test_dispatcher,test_valid_titles,Passed,NO MESSAGE,,,,42,,same
,tests.test_dispatcher,test_large_titles,Passed,NO MESSAGE,,,,42,,same
,tests.test_dispatcher,test_content_size,Passed,NO MESSAGE,,,,42,,same
,tests.test_dispatcher,test_content_titles,Passed,NO MESSAGE,,,,42,,same
,tests.test_dispatcher,test_bad_content_params,Passed,NO MESSAGE,,,,42,,same
,tests.test_dispatcher,test_bad_content_titles,Passed,NO MESSAGE,,,,42,,same
,tests.test_dispatcher,test_valid_titles,Passed,NO MESSAGE,,,,34,,same
,tests.test_dispatcher,test_large_titles,Passed,NO MESSAGE,,,,34,,same
,tests.test_dispatcher,test_content_size,Passed,NO MESSAGE,,,,34,,same
,tests.test_dispatcher,test_content_titles,Passed,NO MESSAGE,,,,34,,same
,tests.test_dispatcher,test_bad_content_params,Passed,NO MESSAGE,,,,34,,same
,tests.test_dispatcher,test_bad_content_titles,Passed,NO MESSAGE,,,,34,,same
,tests.test_dispatcher,test_valid_titles,Passed,NO MESSAGE,,,,97,,same
,tests.test_dispatcher,test_large_titles,Passed,NO MESSAGE,,,,97,,same
,tests.test_dispatcher,test_content_size,Passed,NO MESSAGE,,,,97,,same
,tests.test_dispatcher,test_content_titles,Passed,NO MESSAGE,,,,97,,same
,tests.test_dispatcher,test_bad_content_params,Passed,NO MESSAGE,,,,97,,same
,tests.test_dispatcher,test_bad_content_titles,Passed,NO MESSAGE,,,,97,,same
,tests.test_dispatcher,test_valid_titles,Passed,NO MESSAGE,,,,131,,same
,tests.test_dispatcher,test_large_titles,Passed,NO MESSAGE,,,,131,,same
,tests.test_dispatcher,test_content_size,Passed,NO MESSAGE,,,,131,,same
,tests.test_dispatcher,test_content_titles,Passed,NO MESSAGE,,,,131,,same
,tests.test_dispatcher,test_bad_content_params,Passed,NO MESSAGE,,,,131,,same
,tests.test_dispatcher,test_bad_content_titles,Passed,NO MESSAGE,,,,131,,same
,tests.test_dispatcher,test_valid_titles,Passed,NO MESSAGE,,,,130,,same
,tests.test_dispatcher,test_large_titles,Passed,NO MESSAGE,,,,130,,same
,tests.test_dispatcher,test_content_size,Passed,NO MESSAGE,,,,130,,same
,tests.test_dispatcher,test_content_titles,Passed,NO MESSAGE,,,,130,,same
,tests.test_dispatcher,test_bad_content_params,Passed,NO MESSAGE,,,,130,,same
,tests.test_dispatcher,test_bad_content_titles,Passed,NO MESSAGE,,,,130,,same
,tests.test_dispatcher,test_valid_titles,Passed,NO MESSAGE,,,,60,,same
,tests.test_dispatcher,test_large_titles,Passed,NO MESSAGE,,,,60,,same
,tests.test_dispatcher,test_content_size,Passed,NO MESSAGE,,,,60,,same
,tests.test_dispatcher,test_content_titles,Passed,NO MESSAGE,,,,60,,same
,tests.test_dispatcher,test_bad_content_params,Passed,NO MESSAGE,,,,60,,same
,tests.test_dispatcher,test_bad_content_titles,Passed,NO MESSAGE,,,,60,,same
,tests.test_dispatcher,test_valid_titles,Passed,NO MESSAGE,,,,53,,same
,tests.test_dispatcher,test_large_titles,Passed,NO MESSAGE,,,,53,,same
,tests.test_dispatcher,test_content_size,Passed,NO MESSAGE,,,,53,,same
,tests.test_dispatcher,test_content_titles,Passed,NO MESSAGE,,,,53,,same
,tests.test_dispatcher,test_bad_content_params,Passed,NO MESSAGE,,,,53,,same
,tests.test_dispatcher,test_bad_content_titles,Passed,NO MESSAGE,,,,53,,same
,tests.test_dispatcher,test_valid_titles,Passed,NO MESSAGE,,,,166,,same
,tests.test_dispatcher,test_large_titles,Passed,NO MESSAGE,,,,166,,same
,tests.test_dispatcher,test_content_size,Passed,NO MESSAGE,,,,166,,same
,tests.test_dispatcher,test_content_titles,Passed,NO MESSAGE,,,,166,,same
,tests.test_dispatcher,test_bad_content_params,Passed,NO MESSAGE,,,,166,,same
,tests.test_dispatcher,test_bad_content_titles,Passed,NO MESSAGE,,,,166,,same
,tests.test_dispatcher,test_valid_titles,Passed,NO MESSAGE,,,,136,,same
,tests.test_dispatcher,test_large_titles,Passed,NO MESSAGE,,,,136,,same
,tests.test_dispatcher,test_content_size,Passed,NO MESSAGE,,,,136,,same
,tests.test_dispatcher,test_content_titles,Passed,NO MESSAGE,,,,136,,same
,tests.test_dispatcher,test_bad_content_params,Passed,NO MESSAGE,,,,136,,same
,tests.test_dispatcher,test_bad_content_titles,Passed,NO MESSAGE,,,,136,,same
,tests.test_dispatcher,test_valid_titles,Passed,NO MESSAGE,,,,80,,same
,tests.test_dispatcher,test_large_titles,Passed,NO MESSAGE,,,,80,,same
,tests.test_dispatcher,test_content_size,Failed,"assert 9 == 10
  +9
  -10",['tests/test_dispatcher.py:22: AssertionError'],,,80,,same
,tests.test_dispatcher,test_content_titles,Passed,NO MESSAGE,,,,80,,same
,tests.test_dispatcher,test_bad_content_params,Passed,NO MESSAGE,,,,80,,same
,tests.test_dispatcher,test_bad_content_titles,Passed,NO MESSAGE,,,,80,,same
,tests.test_dispatcher,test_valid_titles,Passed,NO MESSAGE,,,,145,,same
,tests.test_dispatcher,test_large_titles,Passed,NO MESSAGE,,,,145,,same
,tests.test_dispatcher,test_content_size,Passed,NO MESSAGE,,,,145,,same
,tests.test_dispatcher,test_content_titles,Passed,NO MESSAGE,,,,145,,same
,tests.test_dispatcher,test_bad_content_params,Passed,NO MESSAGE,,,,145,,same
,tests.test_dispatcher,test_bad_content_titles,Passed,NO MESSAGE,,,,145,,same
,tests.test_dispatcher,test_valid_titles,Passed,NO MESSAGE,,,,115,,same
,tests.test_dispatcher,test_large_titles,Passed,NO MESSAGE,,,,115,,same
,tests.test_dispatcher,test_content_size,Passed,NO MESSAGE,,,,115,,same
,tests.test_dispatcher,test_content_titles,Passed,NO MESSAGE,,,,115,,same
,tests.test_dispatcher,test_bad_content_params,Passed,NO MESSAGE,,,,115,,same
,tests.test_dispatcher,test_bad_content_titles,Passed,NO MESSAGE,,,,115,,same
,tests.test_dispatcher,test_valid_titles,Passed,NO MESSAGE,,,,86,,same
,tests.test_dispatcher,test_large_titles,Passed,NO MESSAGE,,,,86,,same
,tests.test_dispatcher,test_content_size,Passed,NO MESSAGE,,,,86,,same
,tests.test_dispatcher,test_content_titles,Passed,NO MESSAGE,,,,86,,same
,tests.test_dispatcher,test_bad_content_params,Passed,NO MESSAGE,,,,86,,same
,tests.test_dispatcher,test_bad_content_titles,Passed,NO MESSAGE,,,,86,,same
,tests.test_dispatcher,test_valid_titles,Passed,NO MESSAGE,,,,4,,same
,tests.test_dispatcher,test_large_titles,Passed,NO MESSAGE,,,,4,,same
,tests.test_dispatcher,test_content_size,Passed,NO MESSAGE,,,,4,,same
,tests.test_dispatcher,test_content_titles,Passed,NO MESSAGE,,,,4,,same
,tests.test_dispatcher,test_bad_content_params,Passed,NO MESSAGE,,,,4,,same
,tests.test_dispatcher,test_bad_content_titles,Passed,NO MESSAGE,,,,4,,same
,tests.test_dispatcher,test_valid_titles,Passed,NO MESSAGE,,,,148,,same
,tests.test_dispatcher,test_large_titles,Passed,NO MESSAGE,,,,148,,same
,tests.test_dispatcher,test_content_size,Passed,NO MESSAGE,,,,148,,same
,tests.test_dispatcher,test_content_titles,Passed,NO MESSAGE,,,,148,,same
,tests.test_dispatcher,test_bad_content_params,Passed,NO MESSAGE,,,,148,,same
,tests.test_dispatcher,test_bad_content_titles,Passed,NO MESSAGE,,,,148,,same
